id_cliente,nombre,apellido,sexo,fecha_nacimiento
1,Irma,Agudo,Femenino,1954-04-27
2,Calixto,Sosa,Femenino,1958-12-27
3,Dionisia,Bonet,null,1977-04-13
4,Lupe,Martorell,Masculino,1991-04-22
5,Ágata,Valls,Masculino,1968-08-19
6,Cesar,Montes,null,1951-07-07
7,Eli,Gras,null,2002-11-16
8,Marcos,Canet,null,1973-06-09
9,Verónica,Abad,Otro,1998-02-04
10,Florencia,Arenas,Masculino,1988-09-05
11,Diana,Lucas,Otro,1966-04-23
12,Piedad,Bonilla,Masculino,1950-08-26
13,Tadeo,Cantero,Femenino,1974-12-25
14,Flavia,Martín,Otro,1995-05-03
15,Pepe,Company,Otro,1992-07-16
16,Jordi,Nebot,Otro,2002-08-10
17,Ciro,Montserrat,Otro,1968-05-08
18,Donato,Pagès,Femenino,2003-08-18
19,Emiliano,Donoso,Masculino,1954-05-30
20,Griselda,Carretero,null,1964-04-15
21,Toribio,Sacristán,Otro,2007-08-06
22,Socorro,Pla,null,1986-02-16
23,Narcisa,Vazquez,null,1983-09-13
24,Morena,Puerta,null,1982-10-20
25,Sandalio,España,Otro,1973-08-13
26,Josué,Agustí,Masculino,1993-04-28
27,Benjamín,Rozas,null,2007-02-27
28,Pancho,Guerra,Otro,1971-06-28
29,Severiano,Clavero,Otro,1952-08-18
30,Joaquina,Madrigal,Masculino,1946-05-27
31,Lupe,Arana,Femenino,2005-05-03
32,Óscar,Márquez,null,1965-05-10
33,Ruth,Ribes,Otro,1978-09-24
34,Rosario,Aragón,Masculino,1962-12-15
35,Rico,Garriga,Masculino,1976-05-29
36,Martín,Miguel,null,1946-06-08
37,Cristian,Rosselló,Femenino,1951-10-27
38,Carmelita,Llorente,Otro,1961-07-01
39,Manuelita,Garay,Masculino,2003-09-06
40,Carina,Haro,Femenino,1951-12-25
41,Olivia,Fernandez,Femenino,2006-10-19
42,Xiomara,Olivé,null,1965-04-29
43,Nerea,Arjona,Otro,1966-01-01
44,Etelvina,Luís,null,1982-11-01
45,Pascual,Prat,Otro,1966-03-29
46,Teodosio,Pombo,Masculino,1948-05-24
47,Eloísa,Nogués,Femenino,1961-01-06
48,Miguel Ángel,Perea,Masculino,1946-08-25
49,Tomás,Jaén,Masculino,1954-08-24
50,Leonardo,Calvo,Masculino,1960-04-25
51,Cristina,Cantero,Otro,1944-08-27
52,Eduardo,Amat,Otro,1967-05-22
53,Anabel,Saldaña,null,1990-02-02
54,María Manuela,Montserrat,Otro,1994-11-05
55,Joaquín,Bellido,Otro,2006-01-29
56,Benigna,Villena,Masculino,1971-11-01
57,Ámbar,Carreras,Otro,1983-10-13
58,Manuela,Herrera,Otro,1981-11-14
59,Eva María,Salas,Otro,1961-07-12
60,Guadalupe,Feijoo,Femenino,1962-11-29
61,Mariano,Borrás,Femenino,1975-08-28
62,Flavia,Mateo,Femenino,1960-07-17
63,Joaquina,Pina,Masculino,1993-08-02
64,Jose Ignacio,Ferrándiz,Masculino,1959-03-13
65,Lourdes,Portillo,Otro,1982-06-04
66,Eugenio,Sanmiguel,Otro,1992-11-09
67,Máximo,Perera,null,2006-08-13
68,Encarna,Giralt,Masculino,1944-04-07
69,Florentina,Peral,Femenino,1956-11-24
70,Yolanda,Benitez,Masculino,1973-12-25
71,Amaro,Blázquez,Femenino,2006-09-10
72,Odalis,Adadia,Otro,1969-06-05
73,Reyna,Marin,Femenino,1948-08-03
74,Florencio,Galiano,null,1953-09-14
75,Paco,Carro,Otro,1985-06-27
76,Estefanía,Buendía,Otro,1997-05-26
77,Juan Pablo,Ripoll,Femenino,1970-02-03
78,Ciriaco,Pintor,null,1955-06-01
79,Sandalio,Moll,null,2002-09-26
80,Serafina,Huerta,Otro,1978-12-20
81,Benigna,Domínguez,Masculino,2004-12-02
82,Nando,Bosch,null,1946-01-27
83,Juan José,Tomé,Femenino,1957-08-05
84,Ainoa,Morales,Otro,1952-08-23
85,Goyo,Losada,null,1999-08-15
86,Álvaro,Almansa,Otro,1987-04-02
87,Delia,Nieto,Otro,2004-06-30
88,Dorita,Aguirre,Masculino,1966-03-23
89,Serafina,Mendizábal,Masculino,1990-11-04
90,Fernando,Cortés,Masculino,1976-09-24
91,Fidel,Rosell,Femenino,1991-05-07
92,Viviana,Peinado,Femenino,1961-11-05
93,Desiderio,Fábregas,null,1960-11-04
94,Jafet,Vázquez,null,1946-10-14
95,Valeria,Haro,null,1976-07-03
96,Merche,Llopis,Otro,1946-07-19
97,Joel,Pinto,null,1997-05-17
98,Edelmira,Gómez,Femenino,1965-10-24
99,Guadalupe,Polo,Masculino,1991-07-22
100,Ana Belén,Hernandez,Otro,1946-08-19
101,Fabián,Villalonga,null,2005-12-01
102,Narcisa,Delgado,null,2001-12-08
103,Joaquina,Abellán,Femenino,2005-01-13
104,Omar,Camps,Otro,1974-03-05
105,Xiomara,Calleja,null,1964-10-15
106,Alberto,Menéndez,Otro,1995-08-21
107,Lucio,Amigó,Femenino,1955-03-13
108,Bartolomé,Camino,Masculino,1986-04-19
109,Jesusa,Calvo,Femenino,2006-11-05
110,Alma,Garriga,Masculino,1967-05-09
111,Eugenia,Botella,Otro,2001-02-14
112,Eusebia,Camacho,Masculino,1972-08-19
113,Duilio,Fortuny,Femenino,2001-09-22
114,Aitana,Reguera,null,1988-10-31
115,Encarnacion,Tirado,Masculino,1947-06-12
116,Juan Antonio,Alegria,null,1992-10-19
117,Odalis,Vidal,null,1958-01-15
118,María Jesús,Cepeda,Masculino,1961-01-30
119,Azeneth,Escalona,Otro,2006-06-14
120,Nidia,Arnal,null,1955-01-02
121,Francisca,Puerta,Masculino,1962-03-14
122,Dani,Piñeiro,Otro,1983-05-29
123,Héctor,Figueroa,Masculino,1991-11-06
124,Dalila,Sanmartín,null,1988-04-06
125,Azucena,Catalán,Femenino,1950-10-14
126,Lupita,Alberola,null,1954-03-14
127,Cecilio,Salinas,Femenino,1963-11-21
128,Clotilde,Bautista,Otro,2007-04-25
129,Reinaldo,Villegas,Masculino,1977-12-01
130,Dafne,Bayona,Masculino,1948-08-19
131,Máximo,Montero,null,1962-11-07
132,Augusto,Mata,null,1992-12-28
133,Áurea,Coronado,null,1960-01-20
134,Concha,Pombo,Femenino,1964-05-11
135,Bonifacio,Guerrero,Otro,1959-02-05
136,Teodora,Solano,null,1993-04-07
137,Gala,Aguirre,Masculino,1984-06-02
138,Atilio,Castell,null,1953-02-27
139,Ariadna,Cardona,Masculino,1993-11-05
140,Ciríaco,Acedo,Masculino,1989-12-09
141,Valentín,Miralles,Masculino,1967-01-28
142,Genoveva,Ortega,null,1988-08-05
143,María Pilar,Jódar,Otro,1969-04-21
144,Prudencio,Plana,Femenino,1992-09-07
145,Vanesa,Noguera,Masculino,2003-06-12
146,Cecilio,Piñeiro,Femenino,1972-02-28
147,Manu,Vallés,Femenino,2002-06-06
148,Clementina,Barrio,null,1969-04-01
149,Gerónimo,Granados,Femenino,1999-09-03
150,Carolina,Font,Otro,1967-06-21
151,Consuelo,Salcedo,null,1999-12-10
152,Eutropio,Parra,Masculino,1982-09-10
153,Iris,Benavides,Femenino,1966-02-28
154,Micaela,Pelayo,Masculino,1969-11-26
155,Ariel,Frías,Masculino,1958-07-23
156,Ulises,Villar,Femenino,1957-10-29
157,Sarita,Jimenez,null,1979-11-03
158,Georgina,Vicente,null,2000-09-08
159,Ainoa,Donoso,Otro,1982-02-08
160,Maximiano,Cabrera,null,1966-06-07
161,Victoria,Galván,Masculino,2007-07-19
162,Luis Ángel,Gimenez,Masculino,1965-02-28
163,Rosario,Ibarra,null,1961-09-08
164,Gertrudis,Méndez,Femenino,1981-01-03
165,Cristóbal,Correa,Masculino,2003-10-15
166,Jose Manuel,Rivera,Femenino,2001-09-11
167,Sabina,Sedano,null,1993-05-11
168,Haydée,Chamorro,null,2004-02-22
169,Macaria,Tamarit,Otro,1968-05-06
170,Javiera,Costa,Masculino,1948-05-28
171,Aarón,Iriarte,null,1962-04-15
172,Olalla,Toro,Masculino,2000-11-10
173,Fátima,Carbó,null,2003-01-20
174,Edelmira,Calderon,Masculino,1996-03-25
175,Virginia,Mendizábal,Femenino,1968-12-24
176,Teodora,Parejo,Femenino,1959-06-03
177,Ulises,Colom,Femenino,1956-03-06
178,Fausto,Iriarte,Femenino,1969-07-06
179,Tamara,Donaire,Masculino,1991-04-17
180,Rosaura,Aguado,null,1997-05-25
181,Otilia,Cabo,null,1992-01-23
182,Emelina,Téllez,null,1982-01-31
183,Rosa,Ramírez,Femenino,1988-01-02
184,Lalo,Jiménez,null,2003-09-13
185,Rafaela,Isern,null,1976-05-14
186,Wilfredo,Roselló,null,1962-10-20
187,Loreto,Maza,Otro,2005-12-19
188,Claudio,Rey,Otro,1951-07-06
189,Graciano,Lloret,Otro,2006-07-06
190,Úrsula,Márquez,null,1977-08-27
191,Chema,Portero,Masculino,1947-04-26
192,Olivia,Franch,Masculino,1964-09-21
193,José,Goicoechea,Masculino,1973-04-14
194,Damián,Vilalta,null,2000-07-18
195,Heraclio,Manuel,Masculino,1950-11-22
196,José Ángel,Gallardo,Otro,1982-04-30
197,Alfredo,Lastra,Masculino,1978-07-10
198,Aureliano,Arcos,null,1964-12-26
199,Marcos,Oliveras,Femenino,1991-10-03
200,Carmina,Perales,Femenino,1982-05-30
201,Jordi,Llorente,Masculino,1962-05-11
202,Etelvina,Carreño,Masculino,2004-08-26
203,Claudio,Bou,Masculino,1960-07-10
204,Marciano,Melero,Masculino,1950-02-02
205,Valeria,Corominas,null,1963-10-14
206,Etelvina,Ortiz,null,1987-03-11
207,Quirino,Palmer,Masculino,1971-07-21
208,Reyes,Ordóñez,Masculino,1987-12-11
209,Maximiliano,Palmer,Masculino,1951-02-17
210,Remedios,Mariscal,Femenino,1961-05-27
211,Marita,Gámez,Masculino,1950-10-27
212,Eligia,Doménech,Masculino,1977-08-11
213,Victoriano,Escamilla,Otro,1966-04-01
214,Encarnacion,Agullo,Otro,1977-02-03
215,Xavier,Machado,Masculino,1985-06-01
216,Maribel,Pedraza,null,1994-01-24
217,Martín,Vázquez,Otro,1945-08-19
218,Rogelio,Navarrete,Otro,2000-03-15
219,Marcela,Calatayud,Masculino,1959-08-17
220,Fortunata,Aranda,Femenino,1948-09-04
221,Mónica,Alcalde,Femenino,1989-05-30
222,Amado,Hidalgo,Masculino,1948-09-03
223,Lisandro,Villalba,Otro,1971-05-18
224,Joel,Duarte,null,1975-10-31
225,Áurea,Morán,null,1969-03-29
226,Basilio,Torralba,Femenino,1949-06-30
227,Matilde,Morales,null,1953-11-27
228,Quirino,Izaguirre,Femenino,1947-04-05
229,Otilia,Madrid,Femenino,1957-10-13
230,Fanny,Ródenas,Femenino,1979-09-14
231,Melisa,Bas,Femenino,1975-12-30
232,Tito,Guillén,null,1970-06-13
233,Fanny,Castrillo,Femenino,2005-03-20
234,Noé,Rodrigo,null,1968-05-24
235,Gracia,Iniesta,null,1988-02-03
236,Alicia,Casals,Masculino,1959-02-01
237,Primitivo,Salmerón,Femenino,1999-11-10
238,Goyo,Guillén,Otro,1992-03-30
239,Estela,Molina,Femenino,1982-08-20
240,Dora,Puig,Masculino,1951-04-19
241,Violeta,Carrera,Femenino,1989-11-23
242,Carmina,Cabo,null,1995-03-07
243,Iván,Prats,Femenino,2001-04-24
244,Segismundo,Franco,Masculino,1973-03-27
245,Pelayo,Azorin,Masculino,1983-06-18
246,Julio,Barrios,Femenino,1951-02-24
247,Haroldo,Cano,Femenino,2003-04-11
248,Javiera,Expósito,Femenino,1946-01-17
249,Nazaret,Gual,null,1944-04-13
250,Baudelio,Rodriguez,Otro,1972-01-28
251,Elisa,Arellano,Otro,1986-03-19
252,Paz,Mariscal,Masculino,1963-02-14
253,Margarita,Blázquez,Otro,1969-01-04
254,Wilfredo,Pizarro,Masculino,1998-11-28
255,Mayte,Herranz,null,1990-01-28
256,Ceferino,Pellicer,Femenino,1955-01-20
257,Noé,Villegas,Femenino,1978-09-14
258,Adelia,Guillen,Femenino,1974-10-20
259,Eladio,Nuñez,Femenino,1976-06-18
260,María,Pérez,Masculino,1963-11-04
261,Bautista,Nicolau,null,1979-01-25
262,Teobaldo,Pelayo,Otro,1945-01-06
263,Antonio,Jódar,Masculino,1959-01-12
264,Ana Sofía,Sosa,Femenino,2002-10-10
265,Mariano,Hernández,Femenino,1995-08-06
266,Dani,Escamilla,Femenino,2001-09-14
267,Lucía,Torres,Femenino,1948-03-05
268,Jorge,Echeverría,Masculino,1968-09-25
269,Guadalupe,Francisco,Femenino,1970-01-05
270,Florencia,Estevez,Femenino,1953-08-30
271,Edmundo,Santos,Masculino,1970-11-21
272,Maximiliano,Corral,null,1970-06-27
273,Juanita,Cuevas,Masculino,1999-05-18
274,Isaías,Salmerón,Otro,1973-06-04
275,Félix,Cabello,Otro,1947-10-19
276,Seve,Galvez,null,1960-09-12
277,Felipa,Crespi,Otro,2003-04-24
278,Natanael,Valenzuela,Otro,1972-02-22
279,María Dolores,Pablo,Otro,1946-12-26
280,Eugenia,Grau,Femenino,1946-01-04
281,Eva,Jara,Otro,2006-04-25
282,Josefa,Monreal,null,2003-05-05
283,Desiderio,Cuesta,null,1957-06-25
284,Reina,Taboada,null,1951-02-06
285,Olivia,Cerdá,Femenino,1972-10-09
286,Conrado,Bárcena,Masculino,1951-10-11
287,Santos,Reig,null,1965-06-07
288,Beatriz,Casas,Masculino,2003-12-28
289,Nayara,Blasco,Masculino,1985-08-16
290,Toño,Albero,Femenino,1979-06-25
291,Ximena,Aguirre,null,1989-07-21
292,Elena,Ropero,Femenino,2002-06-03
293,Guiomar,Cuadrado,Femenino,1987-02-15
294,Victorino,Escolano,Masculino,1987-01-03
295,Valeria,Trujillo,Masculino,1989-05-30
296,Encarnita,Conesa,Femenino,1943-12-17
297,Heriberto,Pera,Femenino,1970-08-22
298,Paola,Cabrero,null,1991-05-13
299,Espiridión,Mulet,null,2001-01-23
300,Ernesto,Cabañas,Femenino,1981-05-25
301,Carolina,Suarez,Otro,1988-08-28
302,Almudena,Machado,null,1999-12-04
303,Abilio,Cobos,Masculino,1993-06-08
304,Amada,Giménez,Masculino,1979-09-29
305,Teo,Osorio,Femenino,1950-07-01
306,Anastasio,Mariño,Otro,2001-08-13
307,Azeneth,Clemente,Otro,2001-04-27
308,Néstor,Martínez,null,1993-10-19
309,Jenaro,Vázquez,Femenino,1975-07-04
310,Eduardo,Pons,null,1957-06-19
311,Benigno,Real,Otro,1977-12-22
312,Raimundo,Porta,Femenino,2005-03-01
313,Jonatan,Saldaña,Femenino,1993-09-28
314,Angelino,Bermudez,Femenino,1944-11-28
315,Hermenegildo,Higueras,Masculino,1954-12-15
316,Maribel,Cortes,Otro,1949-08-11
317,Teo,Bautista,Otro,2005-04-25
318,Maite,Aguiló,Otro,1966-05-25
319,Tamara,Acuña,Femenino,1979-05-02
320,Fernanda,Torrecilla,Masculino,1976-05-06
321,Visitación,Múgica,Femenino,1944-07-23
322,Porfirio,Álvaro,Femenino,1971-11-30
323,Luisina,Pi,Otro,2002-05-22
324,Valentín,Robles,Femenino,1988-02-21
325,Bárbara,Galván,Femenino,1963-09-29
326,Estela,Aznar,Otro,1966-01-01
327,Gregorio,Gras,Otro,1950-06-24
328,Valentina,Madrigal,null,1958-04-12
329,Tamara,Roldan,Femenino,1974-08-22
330,Carmela,Arco,Otro,2007-06-30
331,Eva,Guzman,Otro,1947-12-25
332,Bruno,Morata,Masculino,1987-10-08
333,Aníbal,Coll,Femenino,1946-11-26
334,María Jesús,Robledo,Femenino,1955-05-28
335,Adán,Cordero,null,1980-06-05
336,Rocío,Cabezas,Otro,1990-04-23
337,Rodrigo,Pelayo,Masculino,1968-12-19
338,Dalila,Palomares,Masculino,1960-08-17
339,Hilda,Llorente,Otro,1994-12-02
340,Macarena,Pereira,Femenino,1997-03-04
341,Abraham,Duarte,Masculino,1964-10-02
342,Marianela,Lillo,Otro,2004-12-30
343,Cintia,Jordán,Femenino,1977-04-30
344,Jose Luis,Castellanos,Masculino,1948-10-07
345,Eric,Valdés,Otro,1994-05-27
346,Jessica,Colomer,Femenino,2001-01-21
347,Aníbal,Muro,Masculino,1969-07-12
348,Pili,Vendrell,Masculino,1945-02-05
349,Sandra,Barroso,Otro,1979-02-26
350,Claudio,Barbero,null,1961-03-11
351,Bernarda,Barros,Otro,1999-11-14
352,Ramón,Herranz,null,1974-12-29
353,Sebastian,Font,null,1999-02-07
354,Marc,Vendrell,Masculino,2002-03-10
355,Segismundo,Landa,Femenino,1951-08-29
356,Plinio,Vilanova,Masculino,1952-12-15
357,Armida,Salom,Otro,1971-08-19
358,Rufino,Arnal,null,1947-05-22
359,Miguel,Alemany,Masculino,2006-12-04
360,Fermín,Guillen,Otro,1998-08-17
361,Macario,Barceló,Otro,1944-07-28
362,Alexandra,Cerezo,Otro,1954-04-14
363,Berta,Iborra,Otro,1959-07-22
364,Angelina,Larrea,Femenino,1960-06-06
365,Dorotea,Quintero,Femenino,1958-09-26
366,Armando,Contreras,Masculino,1944-12-27
367,Casandra,Puente,Femenino,1971-12-13
368,Xiomara,Arenas,Otro,1949-05-24
369,Amador,Tomás,Femenino,1953-06-14
370,Custodia,Huertas,Femenino,1965-04-20
371,Marcia,Morante,Masculino,1972-06-12
372,Atilio,Morante,Otro,1944-12-18
373,Vicenta,Mata,Otro,2001-04-27
374,Martina,Mateo,Otro,1975-06-16
375,Bernardita,Mate,null,1969-07-22
376,Cleto,Chacón,Femenino,1956-10-03
377,Yago,Mendez,Femenino,1964-07-16
378,Juan Bautista,Montesinos,Masculino,2006-04-08
379,Gaspar,Aranda,Otro,1989-09-20
380,Vinicio,Diéguez,null,1947-09-15
381,Yésica,Segura,Femenino,1960-10-21
382,Pedro,Alarcón,Otro,1988-07-31
383,Nadia,Romero,Femenino,1982-11-02
384,Rosalina,Girona,Masculino,1962-03-15
385,Asunción,Madrigal,Masculino,1979-07-26
386,Paola,Sureda,Otro,1944-02-19
387,Sofía,Viña,null,1971-03-23
388,Jacobo,Piñeiro,Otro,1949-09-17
389,Octavia,Ródenas,Masculino,1962-04-12
390,Roldán,Almazán,Masculino,1994-07-02
391,Quirino,Isern,null,1961-11-06
392,Haroldo,Manuel,null,1981-08-20
393,Jose Carlos,Carnero,null,1966-03-08
394,Consuela,Tenorio,Otro,1968-03-14
395,Lina,Antúnez,null,1946-01-25
396,Azahar,Bas,Femenino,1973-12-18
397,María Fernanda,Saez,Otro,2001-02-15
398,Maxi,Bas,Femenino,1978-04-01
399,Evaristo,Gascón,Masculino,1947-05-02
400,Jenny,Artigas,Masculino,1952-03-02
401,Bienvenida,Cabello,Otro,1990-07-11
402,César,Valero,Masculino,1989-09-18
403,Félix,Lerma,Masculino,1981-12-25
404,Florentina,Barba,Masculino,1987-07-27
405,Julio,Samper,Otro,2007-07-09
406,Luis Ángel,Melero,null,1992-10-09
407,Priscila,Casals,Femenino,1950-02-05
408,Florentina,Huertas,Otro,1983-11-15
409,Miguel,Mosquera,null,2006-03-26
410,Poncio,Toledo,Otro,1977-08-16
411,Perla,Juan,null,1985-02-25
412,Alfonso,Ochoa,Masculino,1957-09-05
413,Domitila,Fernandez,Femenino,1943-10-02
414,Manolo,Juliá,Masculino,1993-12-05
415,Ciro,Somoza,Femenino,2001-07-08
416,Anita,Roldán,Otro,1993-08-29
417,Ismael,Armengol,Otro,1957-12-24
418,Flora,Aragón,Otro,1963-08-30
419,Jose Miguel,Céspedes,Femenino,1989-07-21
420,Miguela,Blazquez,Femenino,1954-12-16
421,Espiridión,Belda,Masculino,2006-10-25
422,Chucho,Cal,null,1978-11-09
423,Sancho,Luna,Otro,1997-01-22
424,Hermenegildo,Chamorro,Masculino,1979-03-24
425,Fulgencio,Tovar,null,1979-08-25
426,Celestina,Múñiz,Femenino,2004-04-13
427,Jacobo,Zabaleta,Otro,2006-11-16
428,Fátima,Palau,null,1993-07-18
429,Prudencia,Oliver,Femenino,2004-09-25
430,Melchor,Montesinos,Femenino,1949-02-17
431,Trinidad,Muro,Masculino,1967-05-12
432,Simón,Rocha,Masculino,1976-02-17
433,Gabino,Tapia,null,1944-05-18
434,Donato,León,Masculino,1967-11-08
435,Miguel Ángel,Ángel,Masculino,1970-08-14
436,Reyes,Meléndez,Otro,1964-09-19
437,Fidela,Almagro,Femenino,1977-11-05
438,Olegario,Arrieta,Masculino,1964-08-16
439,Fortunato,Torrijos,Otro,1976-10-19
440,Vicente,Casas,Femenino,1955-10-14
441,Vilma,Páez,null,1966-03-02
442,Celso,Cañas,Otro,1955-11-04
443,Celso,Gámez,null,1952-05-16
444,Almudena,Paniagua,Masculino,1970-10-10
445,Prudencio,Nogués,Femenino,1958-10-27
446,Raimundo,Almeida,Masculino,1988-04-19
447,Vidal,Valbuena,null,1957-04-28
448,Nico,Quintero,Masculino,1971-01-21
449,María Teresa,Olivera,Masculino,1956-11-08
450,Bernardo,Gabaldón,Masculino,1946-11-27
451,Domitila,Vigil,Femenino,1993-07-15
452,Eric,Manrique,Otro,1968-01-23
453,Luis Ángel,Carbajo,Femenino,2002-11-22
454,Sofía,Dueñas,Masculino,1957-10-25
455,César,Ibarra,null,1968-08-01
456,Salomón,Escamilla,null,1978-09-09
457,Epifanio,Alberdi,Otro,1989-05-09
458,Tomasa,Ros,Masculino,1996-10-15
459,Angélica,Mas,Masculino,1957-07-16
460,Paca,Bas,Femenino,1956-03-07
461,Severo,Porras,Otro,1963-02-09
462,Nayara,Benito,Femenino,1951-12-04
463,Hernán,Solsona,Masculino,1986-03-25
464,José Manuel,Tudela,Femenino,1993-10-09
465,Narciso,Villanueva,Femenino,1988-04-05
466,Leopoldo,Alvarado,Otro,1947-06-10
467,Máximo,Mate,null,2001-05-05
468,Pío,Sáez,Femenino,1962-03-09
469,Guiomar,Gálvez,Otro,1964-02-29
470,Felipe,Espejo,null,1968-06-19
471,Evita,Serra,Femenino,1966-07-06
472,Celestino,Sosa,Femenino,1978-03-08
473,Eulalia,Guillen,Femenino,1971-09-10
474,Alexandra,Ávila,Otro,1970-01-25
475,Feliciana,Alberdi,Masculino,1950-11-18
476,Virgilio,Río,Femenino,2002-08-24
477,Claudio,Mendizábal,null,1975-01-23
478,Gisela,Valentín,null,1958-01-24
479,Emiliana,España,Masculino,1960-02-18
480,Toño,Vazquez,Femenino,1982-02-21
481,Fermín,Bermúdez,Femenino,1987-09-10
482,Clotilde,Sancho,Femenino,1989-05-25
483,Samuel,Soriano,Otro,1984-10-31
484,Ema,Cerdá,Femenino,1959-02-26
485,Ciríaco,Alberto,Otro,1982-05-10
486,Fátima,Varela,Otro,1978-10-16
487,Édgar,Teruel,Masculino,1996-04-20
488,Baudelio,Carvajal,null,1944-04-18
489,Tadeo,Cortés,Otro,2002-11-30
490,Roberto,Bosch,Femenino,1965-02-10
491,Evangelina,Roda,Otro,1996-01-23
492,Demetrio,Pérez,Femenino,1947-09-07
493,Germán,Quintanilla,null,1958-09-05
494,Mario,Canet,Femenino,1987-05-04
495,Toño,Urrutia,Otro,1984-10-18
496,Sonia,Pina,Otro,1993-09-04
497,Juliana,Buendía,Femenino,1965-11-02
498,Felicia,Alberola,null,1957-12-17
499,Victor,García,Masculino,2006-03-18
500,Begoña,Roselló,Femenino,1968-08-09
501,Nayara,Roca,null,1952-01-11
502,Adoración,Hervás,Masculino,1968-07-27
503,Gonzalo,Catalán,null,1959-02-09
504,Olivia,Sierra,Masculino,1944-04-28
505,Anacleto,Mariño,null,1970-07-31
506,Ainara,Reyes,Masculino,1973-06-08
507,Vilma,Pastor,null,2004-04-07
508,María Del Carmen,Puig,Femenino,1952-03-22
509,Lara,Terrón,null,1978-02-13
510,Renata,Palau,Otro,1974-09-30
511,Macario,Gil,Masculino,1996-11-08
512,Maribel,Gallego,Masculino,1969-12-07
513,Chus,Torrens,null,1965-03-12
514,Abril,Rovira,Masculino,1976-12-20
515,Timoteo,Riba,Otro,1966-07-15
516,Aurelio,Granados,Masculino,1968-05-01
517,Roberta,Aller,Otro,1979-03-26
518,Leonel,Laguna,null,1947-09-07
519,Demetrio,Cases,Masculino,1985-12-04
520,Martín,Suárez,Otro,1981-05-31
521,Felipe,Ortiz,null,1963-01-28
522,Morena,Grande,Masculino,1996-05-02
523,Mar,Gallardo,Otro,1974-03-12
524,Eustaquio,Mora,Masculino,1950-05-06
525,Nazario,Anglada,Otro,2005-06-15
526,Cesar,Torrents,Femenino,1970-01-02
527,Felicia,Bayón,null,1999-05-08
528,Coral,Tejedor,null,1994-01-09
529,Bernardo,Llorente,Otro,1979-06-30
530,Juan,Ramos,null,1994-05-02
531,Matías,Hoyos,null,1990-08-21
532,Moreno,Padilla,Masculino,1986-10-14
533,Alondra,Enríquez,Femenino,1991-11-25
534,Ernesto,Gárate,null,1951-08-19
535,Valero,Barberá,Femenino,1956-12-06
536,Gilberto,Herranz,Otro,1961-12-20
537,Estrella,Sanjuan,Otro,1973-08-10
538,Amílcar,Valcárcel,Femenino,1957-01-21
539,Isaías,Torrents,Femenino,1966-07-20
540,Patricio,Naranjo,Femenino,1966-05-12
541,Curro,Escalona,Femenino,1998-09-17
542,Carmelita,Vélez,Femenino,1990-01-02
543,Norberto,Ricart,null,1944-11-10
544,Camilo,Comas,null,1957-01-21
545,África,Herrera,Masculino,1977-11-29
546,Yaiza,Trujillo,Masculino,1979-01-01
547,Leyre,Pou,Femenino,1964-12-20
548,María,Alcaraz,Masculino,1992-06-03
549,Tito,Capdevila,Otro,1964-03-27
550,Montserrat,Acevedo,Masculino,2000-12-24
551,Consuelo,Navarro,null,2002-12-20
552,Raquel,Duque,Femenino,1990-01-21
553,Candela,Sanmiguel,Femenino,1983-01-25
554,Rico,Pérez,Femenino,1973-01-14
555,Brunilda,Valverde,Otro,1979-07-24
556,Eufemia,Pozo,Otro,1950-08-10
557,Piedad,Herrera,Otro,1971-05-05
558,Amanda,Corbacho,Masculino,1972-05-21
559,Leoncio,Álvaro,null,1961-02-03
560,Obdulia,Contreras,Masculino,1946-04-08
561,Maribel,Carvajal,Femenino,1952-02-18
562,Juan Antonio,Carranza,null,2006-05-09
563,Modesto,Calvet,Masculino,1977-01-06
564,José María,Fuentes,null,1976-05-10
565,Ángel,Vila,Masculino,1961-01-22
566,Odalys,Flor,Otro,1962-12-28
567,Odalys,Gallart,Otro,1978-03-13
568,Mercedes,Ávila,Masculino,1976-07-12
569,Leopoldo,Feijoo,Masculino,1970-09-28
570,Rodolfo,Cañas,Otro,1957-01-30
571,Ezequiel,Barrio,Masculino,1988-01-12
572,Omar,Pedraza,null,1971-02-09
573,Jordán,Tamayo,Femenino,2006-08-24
574,Yéssica,Garcés,Otro,1988-12-27
575,César,Lopez,Femenino,1999-05-26
576,Martín,Ruiz,Masculino,1947-01-04
577,Salvador,Canales,Otro,1992-12-17
578,Perla,Gilabert,Otro,1946-02-01
579,Rafael,Carrasco,Femenino,1968-02-10
580,Consuela,Martin,null,1963-12-27
581,Rico,Somoza,Femenino,1983-08-10
582,Evelia,Lara,Masculino,1960-03-07
583,Diego,Campillo,Femenino,2002-05-05
584,Azucena,Jaén,Otro,1989-01-18
585,Pablo,Olmo,Masculino,2000-09-27
586,Moisés,Tamayo,Femenino,1965-08-16
587,Viviana,Espejo,Femenino,1950-11-16
588,Gerardo,Salinas,null,1961-12-31
589,María Carmen,Arce,Masculino,1989-05-01
590,Adelia,Carrera,null,1950-04-20
591,Graciela,Moraleda,Femenino,1957-07-21
592,Flavia,Salgado,null,1985-07-05
593,Gaspar,Narváez,Femenino,1990-06-14
594,Belén,Montserrat,Otro,1975-11-04
595,Lupe,Vilanova,null,1977-01-17
596,Beatriz,Gutiérrez,Masculino,1953-05-10
597,Nicodemo,Solís,Otro,1975-09-20
598,Petrona,Collado,Masculino,2001-04-30
599,Sebastián,Cózar,null,1961-07-11
600,Jacinto,Hurtado,Masculino,1963-02-20
601,Haroldo,Romero,Otro,1999-01-13
602,Marianela,Capdevila,Femenino,1986-05-29
603,Florentino,Morillo,Otro,1980-12-12
604,Natalia,León,Masculino,1979-02-12
605,Dafne,Albero,Otro,1988-11-17
606,Máximo,Pou,Otro,1950-10-30
607,Zacarías,Sebastián,Otro,1953-02-24
608,Leandro,Almagro,Otro,1962-06-05
609,Chita,Haro,null,1967-10-26
610,Jesusa,Estevez,null,1985-08-06
611,Lupe,Muñoz,Masculino,1990-10-20
612,Liliana,Trujillo,Femenino,1999-11-01
613,Corona,Colom,null,1980-11-03
614,Manolo,Rodriguez,null,1949-09-23
615,Ovidio,Solé,Masculino,1972-09-24
616,Conrado,Agustí,Masculino,2006-12-26
617,Ruperto,Tur,Masculino,2005-12-29
618,Pascuala,Gual,Otro,2003-11-26
619,Vera,Marcos,Femenino,1984-01-26
620,Yésica,Moles,Masculino,1978-01-24
621,Daniela,Pujol,null,1988-10-24
622,Nidia,Donaire,Masculino,1964-05-05
623,Silvestre,Bernad,null,1950-05-13
624,Rodolfo,Carrillo,null,1971-11-04
625,Samanta,Contreras,Masculino,1975-08-25
626,René,Guardiola,Otro,1992-02-23
627,Gloria,Gilabert,Femenino,1989-08-20
628,Julián,Gil,Otro,1960-01-22
629,Tadeo,Galán,null,1981-05-12
630,Pepita,Font,Otro,1988-02-01
631,Teodora,Valenciano,Otro,1950-01-29
632,Nacho,Moreno,null,1998-08-17
633,Ainoa,Prat,null,1966-09-19
634,Susana,Borrell,Femenino,2006-09-18
635,Rosalía,Ferrándiz,Otro,1977-10-26
636,Pío,Bauzà,Femenino,1968-02-04
637,Hernando,Solano,null,2004-07-20
638,Cristian,Galan,Otro,1946-07-16
639,Rómulo,Meléndez,Otro,1949-01-05
640,Socorro,Vera,Femenino,1983-07-01
641,Elodia,Segovia,null,1983-11-28
642,Roberto,Escamilla,Otro,1944-09-19
643,Micaela,Seco,Masculino,1992-06-10
644,Isabela,Menéndez,null,1988-11-12
645,Noa,Alberto,Otro,1975-10-25
646,Aarón,Ortega,Otro,1952-05-23
647,Gonzalo,Campo,Masculino,1965-08-12
648,Jorge,Carballo,Otro,1962-04-06
649,Yolanda,Izaguirre,Otro,1968-09-08
650,Manu,Casas,Femenino,1955-08-20
651,Maribel,Plana,null,1965-03-15
652,Tamara,Coloma,Femenino,2006-04-22
653,Edelmira,Piñol,Femenino,1956-01-16
654,Ale,Vaquero,Masculino,1999-11-04
655,Aurelia,Diego,Otro,2001-09-10
656,Chelo,Ojeda,Femenino,2005-02-05
657,Juan Pablo,Mena,Masculino,1997-11-07
658,Delfina,Marti,Otro,2005-01-09
659,Jose Miguel,Luna,Otro,1951-03-02
660,África,Cepeda,Otro,1976-10-04
661,Carmela,Pedraza,Otro,1989-02-14
662,Elodia,Noguera,Femenino,1975-01-18
663,Renato,Cabo,null,1963-06-23
664,Jose Antonio,Blanes,null,1952-11-23
665,Sandra,Falcó,Otro,1948-04-02
666,Florencio,Corominas,Otro,2006-11-25
667,Agapito,Valencia,Femenino,1948-06-30
668,Juan Pablo,España,Otro,1946-12-24
669,Marino,Castro,Femenino,1992-03-24
670,Juan Manuel,Borrego,null,1989-01-20
671,Baltasar,Piñol,null,1977-12-11
672,Rosalinda,Borrás,null,1956-06-14
673,Cristina,Pazos,Otro,1982-12-14
674,Epifanio,Espejo,Otro,1964-02-17
675,Nuria,Piñeiro,Femenino,1945-01-20
676,Manolo,Miguel,null,1976-01-09
677,Roberto,Gutiérrez,null,1999-08-06
678,Diana,Marti,Masculino,1982-07-12
679,Roxana,Nogueira,Otro,1970-07-12
680,Prudencia,Carrión,Femenino,1992-01-07
681,Pánfilo,Alarcón,Otro,1997-01-19
682,Anita,Carvajal,null,1971-10-11
683,Malena,Adán,Femenino,1984-12-29
684,Mónica,Mayol,Otro,1961-11-02
685,Jenaro,Feliu,null,1968-09-01
686,Tania,Amigó,Femenino,1998-12-03
687,Nuria,Gibert,null,1992-11-02
688,Luna,Alcázar,Otro,2006-12-06
689,Inés,Abellán,Masculino,1971-06-09
690,Visitación,Costa,Femenino,1968-11-20
691,Loreto,Barranco,Otro,1962-05-24
692,Josué,Bonet,Otro,1994-04-18
693,Baldomero,Barriga,Masculino,1985-12-11
694,Eloy,Montalbán,Femenino,1984-08-30
695,Adalberto,Prada,Otro,1995-11-19
696,Bernarda,Briones,Otro,1960-02-20
697,Ágata,Salas,Otro,1966-11-22
698,José María,Company,null,1995-06-14
699,Hilda,Alvarado,Otro,1943-10-26
700,Horacio,Heredia,Otro,1956-04-16
701,Clarisa,Ortiz,Otro,1957-11-16
702,Isidora,Durán,Otro,1977-08-23
703,Elodia,Pineda,Masculino,2005-10-05
704,Cloe,Ruiz,null,1989-08-24
705,Luisa,Quintero,Masculino,1959-05-04
706,Vidal,Vendrell,Femenino,1993-03-24
707,Carlota,Salgado,Femenino,1962-04-22
708,Estrella,Jódar,null,1994-02-07
709,Ramona,Perez,Femenino,1982-03-09
710,Samuel,Águila,Masculino,1956-06-11
711,Ciriaco,Ruano,Femenino,1971-06-11
712,Ildefonso,Carbonell,Masculino,1984-04-24
713,Aureliano,Galiano,Masculino,1997-04-04
714,Sofía,Gibert,Masculino,1998-05-15
715,Adriana,Cortes,Masculino,1970-09-26
716,Lorenza,Martínez,null,1978-01-24
717,Gabino,Torrens,null,1945-02-04
718,Juan,Arce,Femenino,1962-04-24
719,Sara,Blasco,null,1980-05-31
720,Isa,Toledo,Masculino,1946-08-05
721,Primitiva,Quevedo,Masculino,1996-11-01
722,Dafne,Ayala,Femenino,1970-10-01
723,Edgardo,Alcalá,Femenino,1981-07-30
724,Modesto,Ribas,null,1943-11-02
725,Máximo,Llano,Femenino,1994-03-11
726,Florentina,Fortuny,null,2000-03-27
727,Lourdes,Mármol,Masculino,1998-11-28
728,Teófilo,Quintero,Otro,1965-08-01
729,Cirino,Prat,Masculino,1964-07-28
730,César,Arteaga,Femenino,1979-05-28
731,Azucena,Maestre,null,1966-09-05
732,Flora,Larrañaga,Masculino,1986-03-29
733,Nazaret,Zabaleta,Otro,1988-03-09
734,Ruben,Olmo,Femenino,1990-12-07
735,Rafael,Díaz,Masculino,1996-12-21
736,Hortensia,Medina,null,1945-11-22
737,Antonio,Acuña,Otro,1972-10-24
738,Cosme,Sanz,null,1960-12-28
739,Mercedes,Artigas,Otro,1986-08-04
740,Melisa,Casanovas,Otro,1951-08-28
741,Ángel,Cueto,Otro,1985-10-04
742,Palmira,Ángel,Masculino,1956-06-30
743,Jonatan,Huguet,Masculino,1956-10-14
744,Francisco Javier,Toro,Masculino,1980-03-30
745,Cipriano,Fajardo,Masculino,2006-09-21
746,Candelas,Cantero,null,2005-07-23
747,Evaristo,Tapia,Otro,1975-11-10
748,Germán,Neira,Masculino,1972-01-10
749,Eufemia,Cueto,Otro,2006-09-07
750,Amando,Ayllón,Femenino,1968-08-29
751,Fanny,García,Otro,1990-05-15
752,Geraldo,Requena,Masculino,1993-11-17
753,Mercedes,Carretero,Masculino,1974-08-25
754,Febe,Tejada,Masculino,1979-01-08
755,Domitila,Alcolea,Masculino,1957-05-10
756,María,Velázquez,Femenino,1949-02-21
757,José Ángel,Marqués,Otro,1950-07-10
758,Nico,Hidalgo,null,1970-08-19
759,Evelia,Checa,Masculino,1987-09-30
760,Rebeca,Tejada,Masculino,1973-05-13
761,Obdulia,Avilés,null,1983-05-18
762,Isaías,Soto,null,1960-07-22
763,Gracia,Goñi,null,2005-11-21
764,Aroa,Gisbert,Femenino,1954-12-24
765,Mirta,Caro,Femenino,1962-10-19
766,Isidora,Arias,Masculino,2007-06-12
767,Nicolás,Rincón,null,1960-02-09
768,Emperatriz,Coca,Femenino,1995-03-05
769,Isaías,Martorell,null,2001-11-22
770,Eligio,Teruel,Femenino,1979-06-10
771,Lucio,Elorza,Femenino,1957-11-07
772,Iker,Llorente,Otro,1945-02-02
773,Arturo,Jurado,Otro,1978-02-08
774,Desiderio,Coronado,Femenino,1992-07-28
775,Daniela,Velázquez,null,1993-01-06
776,Borja,Elorza,Masculino,1997-11-02
777,Virgilio,Juárez,Otro,1982-07-01
778,Calista,Colomer,Otro,1952-03-31
779,Amando,Cortés,null,1947-10-29
780,Alondra,Viana,Masculino,1961-11-19
781,Máxima,Campillo,Masculino,1979-01-14
782,Constanza,Coloma,Femenino,1967-08-18
783,Cristian,Viñas,Femenino,1954-06-08
784,Odalys,Gibert,Otro,1969-06-17
785,Toribio,Camps,null,1995-09-22
786,Maximiano,Olivera,Femenino,2005-01-27
787,Sarita,Arco,Femenino,1989-04-11
788,Poncio,Español,Otro,1977-06-22
789,Damián,Millán,Femenino,1971-07-07
790,Leticia,Cárdenas,Femenino,1954-01-08
791,Epifanio,Duran,Femenino,1967-12-29
792,Antonio,Nicolau,null,1970-01-05
793,Abril,Cabrero,Femenino,1958-11-12
794,Joan,Garriga,Femenino,1986-08-05
795,Agustina,Rubio,Femenino,1980-05-23
796,Emiliano,Aguilar,Otro,1990-12-21
797,Dorotea,Heredia,Otro,1990-01-13
798,Lorena,Bauzà,Femenino,1969-09-08
799,Aristides,Lladó,Masculino,1982-08-15
800,Corona,Valencia,Otro,1970-06-14
801,Eliana,Zabaleta,Otro,2000-09-26
802,Nilda,Gisbert,Femenino,1976-01-18
803,Victoriano,Gilabert,null,1974-09-19
804,Tere,Escalona,null,1970-02-16
805,Palmira,Bermudez,null,1946-04-20
806,Raquel,Ferrera,Femenino,1959-05-12
807,Olivia,Navarro,null,2006-09-10
808,Edelmiro,Avilés,Otro,1998-02-07
809,Ainoa,Cano,Femenino,1949-11-26
810,Ricardo,Sotelo,Femenino,1949-07-26
811,Pili,Morante,Masculino,1986-02-19
812,Rufino,Guijarro,Femenino,1977-07-24
813,Leopoldo,Suarez,Femenino,1982-06-10
814,Amalia,Casal,Masculino,2000-04-22
815,Ester,Company,Otro,1960-09-10
816,Gabino,Sarabia,Otro,1993-01-07
817,Vicenta,Bonilla,Masculino,1945-08-26
818,Máxima,Zurita,Otro,1953-12-16
819,Severo,Bonilla,Otro,2001-05-30
820,Ema,Fernandez,Masculino,1985-03-21
821,Candelario,Carlos,Femenino,1999-01-05
822,Carla,Castro,Masculino,1959-08-04
823,Marisol,Pagès,Otro,2003-09-29
824,Anselmo,Nicolás,Otro,1982-03-14
825,Luís,Cardona,null,2006-03-29
826,Otilia,Marti,Otro,1999-11-13
827,Wálter,Almazán,Femenino,1974-06-15
828,Alondra,Otero,Masculino,1956-04-26
829,Evita,Vilanova,Otro,1950-11-19
830,Leandro,Ramos,Otro,1969-10-10
831,Rosalina,Lerma,null,1991-01-03
832,José María,Diéguez,Femenino,1985-10-08
833,Rómulo,Figueroa,Masculino,1972-08-09
834,Celestina,Chico,Otro,1982-09-10
835,Haydée,Carbonell,Otro,1974-01-09
836,Anita,Bartolomé,Masculino,1965-11-30
837,Buenaventura,Durán,null,1993-05-15
838,Guadalupe,Chaparro,Femenino,2004-10-22
839,Pili,Alsina,Femenino,2006-10-16
840,Severiano,Gallardo,Otro,1989-07-26
841,Elena,Fuertes,null,1972-12-08
842,María,Manjón,null,1971-06-26
843,Lalo,Ferrera,Masculino,1957-03-19
844,Teófilo,Matas,Otro,1957-09-07
845,Ulises,Aguado,Otro,1958-04-22
846,Manuel,Mate,Masculino,1988-02-02
847,Belén,Nicolau,null,1989-05-01
848,Victor,Sáenz,Femenino,1980-03-28
849,Tadeo,Palomar,Femenino,1973-11-30
850,Pánfilo,Soler,Masculino,1947-09-23
851,Paco,Palomo,Masculino,1966-10-31
852,Carmina,Chaparro,Masculino,1962-10-18
853,Jerónimo,Espejo,null,1997-12-24
854,Maribel,Bernat,null,1998-01-17
855,Máxima,Cifuentes,Femenino,1949-11-07
856,Nuria,Mancebo,null,1967-08-06
857,José Luis,Doménech,Femenino,1963-11-14
858,Francisco Javier,Briones,null,1974-09-08
859,Gregorio,Ribes,null,1995-08-04
860,Irene,Benavent,Otro,1997-12-15
861,Vera,Cuervo,Femenino,2007-07-25
862,Eladio,Arcos,Femenino,1976-07-04
863,Horacio,Pla,Otro,1974-12-24
864,Eugenio,Tamarit,Otro,1950-12-21
865,Claudia,Arnau,null,1985-12-16
866,Dionisia,Hurtado,null,1999-03-04
867,Roberta,Casado,Masculino,1997-03-27
868,Samuel,Hernández,Masculino,1972-11-21
869,Anunciación,Fonseca,Masculino,1957-12-05
870,Miriam,Pineda,Masculino,1990-11-20
871,Fausto,Cerdá,Otro,1994-07-09
872,Marino,Pastor,Otro,1957-07-18
873,Albano,Lumbreras,Otro,1945-11-13
874,José Manuel,Jerez,Masculino,2000-09-09
875,Sebastián,Ibáñez,Femenino,1951-05-22
876,Fortunato,Agullo,Masculino,1958-10-14
877,Ligia,Pujadas,null,1943-10-30
878,Gema,Patiño,null,2000-06-20
879,Marta,Lozano,Masculino,1954-03-31
880,Jenny,Cuesta,Femenino,1983-10-04
881,Roxana,Alcántara,Femenino,1997-02-01
882,Clarisa,Olmedo,null,1986-09-20
883,Ágata,Albero,Femenino,1986-04-19
884,Edmundo,Río,Femenino,2003-04-05
885,Eligio,Blanes,Masculino,1963-03-11
886,Olivia,Zaragoza,Masculino,2005-09-01
887,Encarnacion,Ávila,Masculino,1966-08-17
888,Ricardo,Menéndez,Femenino,1967-08-12
889,Esmeralda,Montserrat,null,1958-09-09
890,Violeta,Benavides,Otro,1963-01-02
891,Eutimio,García,Femenino,1983-11-19
892,Camila,Baeza,Masculino,1993-02-15
893,Ofelia,Palma,null,1951-03-10
894,Prudencia,Pedro,null,1972-11-24
895,Goyo,Jordá,Femenino,1969-12-25
896,Felipe,Llano,Masculino,1955-01-08
897,Gil,Juárez,Femenino,1970-10-30
898,Saturnino,Villaverde,Femenino,1978-10-20
899,Andrés Felipe,Esteve,Femenino,1993-08-01
900,Olga,Royo,Masculino,1996-04-27
901,Prudencio,Aguado,null,1978-09-26
902,Dafne,Guzmán,Femenino,1968-01-10
903,Hugo,Berenguer,null,1975-01-21
904,Candelas,Núñez,null,1980-03-11
905,Nayara,Yáñez,Masculino,1946-07-13
906,Renata,Perez,Masculino,1959-09-05
907,Armida,Echevarría,Femenino,1993-11-25
908,Eulalia,Bayo,Femenino,2004-08-01
909,Clemente,Cabrero,Masculino,1966-12-05
910,Iris,Barroso,Femenino,1980-02-21
911,Bernardino,Esparza,Femenino,2001-07-15
912,Julieta,Moreno,Masculino,1947-07-09
913,Chuy,Villaverde,Femenino,1976-09-14
914,Octavia,Beltran,Masculino,1969-12-14
915,Genoveva,Ibarra,Femenino,1951-02-11
916,Íñigo,Pizarro,Otro,1994-11-18
917,Herminio,Mateos,Otro,2005-11-09
918,Hermenegildo,Salvador,Femenino,2005-09-28
919,Carmelita,Vicente,Femenino,1986-07-20
920,Vinicio,Jimenez,Masculino,1988-07-28
921,Etelvina,Iriarte,null,1984-06-09
922,Gema,Atienza,null,1994-03-31
923,Cruz,Carmona,Masculino,2006-10-24
924,Cesar,Parra,null,1946-08-21
925,Eusebia,Pérez,null,1956-12-11
926,Nieves,Céspedes,null,1996-10-08
927,Adora,Barceló,Femenino,1989-09-15
928,Micaela,Mendoza,null,1981-07-23
929,Ximena,Nadal,Otro,1964-05-25
930,David,Gomez,Otro,1949-07-06
931,Ildefonso,Blanch,Otro,1946-05-20
932,Rufino,Bermudez,Masculino,1999-09-01
933,Édgar,Aguirre,Otro,1983-12-14
934,Zacarías,Reyes,Otro,1963-09-07
935,Matías,Campos,null,2003-10-03
936,Alfredo,Arellano,Otro,1963-12-01
937,Wilfredo,Beltrán,Otro,1985-10-16
938,Seve,Moreno,null,1951-04-18
939,Toño,Arco,Femenino,1976-11-20
940,Baudelio,Manjón,null,1958-07-01
941,Galo,Viñas,Otro,1998-08-16
942,Amaro,Abascal,null,2003-04-07
943,Javiera,Vizcaíno,Otro,1970-04-10
944,Sonia,Cobos,Femenino,1954-02-14
945,Almudena,Guerra,null,1952-03-17
946,Virgilio,Guardiola,Masculino,1952-09-21
947,Lilia,Barrio,null,1985-03-25
948,Marcelo,Ortuño,Otro,1999-06-25
949,Noé,Pons,Otro,1990-06-24
950,Hernando,Escudero,Masculino,2003-04-08
951,Encarnita,Cortina,null,1967-12-09
952,Lucho,Taboada,null,1967-10-08
953,Nicanor,Múgica,null,1989-01-05
954,Lucía,Pazos,Masculino,1993-04-06
955,Marcela,Somoza,Otro,1979-05-13
956,Valero,Plaza,Masculino,1971-08-19
957,Ángela,Robles,Otro,2002-01-10
958,Román,Pinedo,Masculino,1992-12-17
959,Fabiana,Almansa,null,1971-04-07
960,Dolores,Acero,Femenino,1973-06-22
961,Dionisia,Campos,Masculino,1980-10-19
962,Pastor,Doménech,Masculino,1962-04-05
963,Rubén,Roca,Femenino,1986-03-06
964,Julia,Conde,null,1947-06-02
965,Borja,Artigas,Masculino,1994-05-17
966,Clotilde,Vilanova,Masculino,1989-12-18
967,Darío,Garriga,null,1951-06-29
968,Luis Ángel,Angulo,Femenino,2000-12-24
969,Dionisio,Diez,null,1997-08-03
970,María Fernanda,Tena,Otro,1959-09-11
971,Néstor,Pi,Femenino,2002-01-26
972,Yago,Pombo,Masculino,2004-12-25
973,Viviana,Benitez,Femenino,1958-07-22
974,Felipa,Vigil,Femenino,1999-09-27
975,Marita,Palau,Otro,1977-01-28
976,Edu,Saez,Otro,1960-04-10
977,Emiliano,Marín,Otro,1950-11-22
978,Eutimio,Balaguer,null,1946-05-09
979,Victor,Díaz,Masculino,2001-02-20
980,Amador,Santos,Otro,1950-04-06
981,Azucena,Grau,Masculino,1951-02-10
982,Balduino,Gisbert,Otro,2002-12-03
983,Victor Manuel,Mulet,Otro,1947-06-22
984,Ruy,Cañellas,Otro,1997-01-04
985,Dafne,Tirado,null,1951-09-10
986,Gloria,Rodrigo,Masculino,1965-07-01
987,Gilberto,Corbacho,Masculino,1979-06-10
988,Anacleto,Calvet,Masculino,1998-06-23
989,Tamara,Díez,null,1984-09-25
990,Teófila,Rozas,Masculino,1964-04-23
991,Ceferino,Velasco,Femenino,1989-03-30
992,Nazaret,Fortuny,Masculino,1958-03-27
993,Osvaldo,Oller,Otro,1991-01-24
994,Amarilis,Arellano,Masculino,1945-04-30
995,Dan,Real,Otro,1984-09-12
996,Rosario,Iborra,Masculino,1954-07-09
997,Javi,Valentín,null,1947-12-28
998,Morena,Llobet,Femenino,1970-09-28
999,Alicia,Nieto,Masculino,1945-09-05
1000,Gala,Nevado,Femenino,1977-06-09
1001,Morena,Marqués,Masculino,1989-07-21
1002,Sabas,Quintero,Otro,1964-08-27
1003,Felicidad,Morell,Otro,1962-01-20
1004,Herberto,Noguera,Masculino,1987-12-16
1005,Alba,Garrido,Otro,1976-06-09
1006,Mariana,Rocha,null,1977-06-23
1007,Perla,Molins,null,1979-12-05
1008,Ester,Mas,null,1953-11-20
1009,Eligia,Bravo,Otro,1950-01-27
1010,Teobaldo,Chamorro,null,1959-10-24
1011,Cristian,Mora,Masculino,1945-12-20
1012,Liliana,Diego,Femenino,2004-07-18
1013,Visitación,Juárez,Femenino,1962-10-15
1014,Eric,Alcalde,Masculino,1954-12-04
1015,Urbano,Tena,Femenino,1953-10-16
1016,Fanny,Seco,Femenino,1973-06-08
1017,Eli,Vendrell,Otro,2007-01-31
1018,Arturo,Mayol,null,1964-07-01
1019,Dominga,Alemán,null,1991-07-02
1020,Amparo,Peñalver,Otro,1945-09-07
1021,Mariana,Fernandez,Masculino,1964-12-25
1022,José,Acuña,Otro,1989-12-01
1023,Urbano,Saura,Femenino,1976-07-10
1024,Amaya,Luján,null,1982-11-05
1025,Eleuterio,Acero,Masculino,1978-10-03
1026,Marcelo,Arana,Masculino,1956-02-15
1027,Timoteo,Quintanilla,Otro,1955-05-02
1028,Sebastian,Salcedo,Otro,1981-11-30
1029,Augusto,Bayón,null,1978-06-02
1030,Marcelo,Canals,Femenino,1997-01-06
1031,Nuria,Nogués,Femenino,1960-01-12
1032,María Fernanda,Olmo,Femenino,1944-10-28
1033,Lorenza,Mendoza,Femenino,1947-08-01
1034,Adolfo,Paniagua,Otro,1995-02-18
1035,Melchor,Cañellas,Masculino,1989-10-30
1036,Pía,Lorenzo,null,1985-06-21
1037,Paca,Méndez,Masculino,1952-03-07
1038,Jose Francisco,Fajardo,Masculino,1947-03-04
1039,Merche,Zaragoza,Otro,1954-12-31
1040,Che,Saavedra,Masculino,1993-07-31
1041,Evaristo,Peinado,Otro,1948-01-30
1042,Isaac,Cid,Masculino,1957-06-08
1043,Joaquín,Ibañez,Femenino,1994-01-07
1044,Pedro,Ferrer,Masculino,1950-04-13
1045,Luis,Carreras,null,1998-03-16
1046,Marcelino,Priego,Masculino,2001-04-21
1047,Haydée,Gras,Masculino,1965-04-22
1048,Felicidad,Ripoll,Femenino,1951-03-02
1049,Martirio,Seguí,Femenino,1989-02-08
1050,Bernardino,Dueñas,Femenino,1998-06-16
1051,José Mari,Cervantes,Masculino,1983-07-13
1052,Juanito,Flores,Masculino,1969-08-16
1053,Petrona,Sastre,Otro,2005-04-14
1054,Cayetano,Prado,Otro,1954-06-01
1055,Renata,Agustín,Masculino,1952-05-14
1056,Gala,Ferreras,Femenino,1979-11-05
1057,Vidal,Carnero,null,1961-03-24
1058,Moreno,Bello,Femenino,2006-01-07
1059,Abilio,Benavent,null,1967-07-06
1060,Adriana,Anguita,null,1959-01-06
1061,Buenaventura,Barceló,Femenino,1947-01-21
1062,Eustaquio,Viana,Masculino,1991-09-24
1063,Georgina,Aguilar,Femenino,2003-10-20
1064,Gonzalo,Valderrama,Otro,2005-09-23
1065,Nidia,Estevez,null,1980-04-15
1066,José Antonio,Sarmiento,Femenino,1971-12-17
1067,Amado,Vicente,Masculino,1948-11-30
1068,Soraya,Nadal,null,1947-07-20
1069,Rosalina,Bayo,null,1998-11-08
1070,Dolores,Bartolomé,Masculino,1985-05-16
1071,Luis Ángel,Castells,Otro,1966-06-04
1072,Artemio,Zabaleta,Otro,1987-08-23
1073,Consuelo,Botella,Femenino,2004-05-15
1074,Lucía,Nicolás,Femenino,1980-12-01
1075,Nuria,Osorio,Femenino,1984-12-02
1076,Azahar,Villena,Femenino,1962-12-02
1077,Rodolfo,Tovar,Femenino,1954-07-22
1078,Chus,Ugarte,null,1960-12-26
1079,Natanael,Rovira,Otro,1990-03-06
1080,Jesús,Pereira,Masculino,1946-08-18
1081,Soraya,Benavente,Femenino,2000-04-12
1082,Graciela,Vives,Femenino,1944-10-20
1083,Bernardino,Múñiz,Femenino,1984-03-10
1084,Celestino,Ángel,Femenino,1987-12-03
1085,Iván,Lopez,Otro,1972-12-07
1086,Guiomar,Caballero,null,1976-01-31
1087,Jessica,Toro,Femenino,1994-09-30
1088,Georgina,Cabrera,Masculino,1950-09-02
1089,Máximo,Baquero,null,2007-02-24
1090,Flavia,Bayo,Femenino,1947-11-02
1091,María Manuela,Belda,Masculino,1997-01-12
1092,Silvio,Morán,null,1968-09-30
1093,Jenny,Trillo,null,1993-12-09
1094,Curro,Carro,Masculino,1964-07-18
1095,Marcela,Camacho,Masculino,1998-08-15
1096,Julia,Sebastián,Otro,1950-11-12
1097,Ángel,Rodriguez,Otro,1963-02-18
1098,Ruben,Amo,null,1978-10-08
1099,Nayara,Ferreras,Femenino,1986-11-18
1100,Obdulia,Díez,null,1983-07-26
1101,Gabriela,Canet,Masculino,1952-08-02
1102,Olegario,Diego,Otro,1946-09-08
1103,Graciano,Reina,Femenino,1959-11-03
1104,Lorena,Seguí,null,1979-12-04
1105,Marina,Ávila,Femenino,2001-12-20
1106,Roberto,Borja,null,1999-05-04
1107,Noa,Becerra,null,1966-11-15
1108,Melisa,Velázquez,Femenino,1995-07-27
1109,Marcelino,Vilalta,Otro,1952-03-19
1110,Virgilio,Doménech,Femenino,1952-04-09
1111,Samuel,Andrade,null,1962-11-30
1112,Elisabet,Silva,null,1981-03-19
1113,Héctor,Dávila,null,1952-11-19
1114,Merche,Plaza,Femenino,1972-04-15
1115,Clarisa,Galindo,Masculino,1957-06-15
1116,Samuel,Mur,Otro,1985-03-24
1117,Felicia,Almazán,null,1950-01-16
1118,Cándida,Barco,null,1999-07-22
1119,Marisela,Torrens,Otro,1996-08-20
1120,Lázaro,Gálvez,Otro,1966-01-01
1121,Corona,Cal,Femenino,1993-06-28
1122,Benigna,Bernat,Masculino,1985-05-20
1123,Bibiana,Girón,null,1985-12-15
1124,Isaura,Lladó,Masculino,1998-09-21
1125,Rodolfo,Valls,Masculino,1996-10-08
1126,Celestino,Carreras,Femenino,1980-02-21
1127,Zoraida,Gascón,null,1957-10-13
1128,Seve,Olmedo,Masculino,1976-07-06
1129,Florencio,Godoy,Masculino,1984-04-24
1130,Alexandra,Díez,Femenino,2006-01-06
1131,Jafet,Grau,Femenino,1966-12-20
1132,Hernán,Lobo,Otro,1949-10-21
1133,Micaela,Gonzalez,null,1994-12-08
1134,Melania,Naranjo,Femenino,1949-06-19
1135,Cintia,Ferrández,Otro,1956-11-14
1136,Flora,Poza,Femenino,1997-07-19
1137,Samu,Bonilla,Femenino,1966-08-04
1138,Samanta,Ferrera,Femenino,1973-02-07
1139,Arsenio,Coello,Otro,1971-08-07
1140,Amor,Quero,Masculino,1962-10-04
1141,Paloma,Abad,null,1979-06-19
1142,Valero,Quintana,null,1971-08-12
1143,Noé,Rico,Masculino,1957-05-26
1144,Carmen,Sotelo,Masculino,2000-12-14
1145,Javier,Almansa,Masculino,1999-02-12
1146,Roberta,Falcó,null,2003-10-26
1147,Haroldo,Montoya,Otro,1982-09-15
1148,Gloria,Cánovas,Femenino,1955-09-23
1149,Salomón,Blázquez,Otro,1973-10-25
1150,María Pilar,Fuertes,Femenino,1969-09-08
1151,Rufina,Alegria,null,1960-02-10
1152,Lino,Lobato,null,1978-03-27
1153,Hortensia,Herrero,null,1981-10-22
1154,Pacífica,Leal,Otro,1947-11-21
1155,Tadeo,Nicolás,null,1965-10-01
1156,Melania,Sanchez,Femenino,1993-01-05
1157,José Antonio,Casals,null,2002-12-28
1158,Manu,Mur,Masculino,1991-07-26
1159,Ángela,Morales,Femenino,2004-03-04
1160,Andrés Felipe,Pineda,Masculino,1965-12-01
1161,Toño,Calvo,null,1951-08-29
1162,Javi,Benet,Masculino,1946-01-28
1163,Nélida,Sobrino,Otro,1982-04-18
1164,Esmeralda,Falcó,Otro,2003-11-04
1165,Adelia,Ávila,Otro,1963-10-21
1166,Ani,Durán,Masculino,1977-11-27
1167,Pánfilo,Garay,null,1995-11-28
1168,Ariel,Hurtado,Otro,1973-05-14
1169,Celso,Mur,Masculino,1984-10-18
1170,René,Galan,Masculino,1998-02-26
1171,Emilio,Guitart,null,1967-08-07
1172,Liliana,Calvo,Masculino,1949-05-22
1173,Ruperta,Bou,null,1969-06-30
1174,Nicolasa,Cabrero,Femenino,1966-03-04
1175,Luciano,Terrón,Femenino,1948-07-30
1176,Ciríaco,Quirós,Otro,2007-08-09
1177,José,Espinosa,Otro,1982-09-23
1178,Bernarda,Carbonell,null,1947-11-17
1179,Francisco Jose,Baró,null,1993-09-11
1180,Chus,Álvaro,null,1992-01-22
1181,Josefina,Bayona,Masculino,2003-10-29
1182,Chema,Manzano,Otro,1953-01-13
1183,Olimpia,Arnau,Otro,1996-01-27
1184,Martín,Bermúdez,Femenino,2006-11-07
1185,Erasmo,Santiago,null,2006-07-20
1186,Trini,Clemente,Femenino,1948-07-07
1187,Mario,Salom,Masculino,1983-07-16
1188,Buenaventura,Blanch,Otro,1993-02-18
1189,Juana,Angulo,Masculino,2006-09-05
1190,Aarón,Royo,Femenino,1959-09-29
1191,Eugenio,Carrera,null,1983-04-16
1192,Benjamín,Gascón,null,1966-12-11
1193,Febe,Luna,Otro,1966-07-09
1194,Ramiro,Esparza,null,1992-07-28
1195,Américo,Plaza,Masculino,1993-05-08
1196,Leocadia,Sanjuan,Otro,1986-07-16
1197,Sol,Coronado,Femenino,1969-06-21
1198,Rosa,Ochoa,Masculino,1994-08-10
1199,Julio,Uriarte,Otro,1949-01-24
1200,Adrián,Lobo,Masculino,1956-09-26
1201,Morena,Pombo,Masculino,1987-02-24
1202,Martin,Rebollo,Masculino,1968-09-12
1203,Eusebio,Cañizares,Masculino,1975-04-16
1204,Candelaria,Merino,Femenino,1986-01-13
1205,Mariana,Reig,Masculino,1984-12-06
1206,Damián,Baños,Otro,1949-08-03
1207,Sancho,Jordá,Masculino,1998-07-21
1208,Pascuala,Vilaplana,null,1947-04-28
1209,Félix,Quiroga,Femenino,1992-08-16
1210,Fabiana,Morera,Otro,1955-01-16
1211,José,Serra,Otro,1946-01-19
1212,Odalis,Delgado,Femenino,1955-05-18
1213,Camilo,Roldán,Otro,1981-06-05
1214,Blanca,Taboada,null,1980-12-19
1215,Xiomara,Galvez,null,1970-12-24
1216,Eustaquio,Pallarès,null,2002-10-18
1217,Sabina,Reig,null,1964-08-09
1218,Domitila,Bertrán,null,1960-07-06
1219,Nayara,Roig,null,1998-09-24
1220,Fernanda,Espada,Otro,1950-10-30
1221,Valeria,Santana,Femenino,1959-09-15
1222,Isaura,Barón,Femenino,1950-03-30
1223,Bienvenida,Benitez,null,1957-09-10
1224,Godofredo,Campoy,Masculino,1999-09-05
1225,Vilma,Arjona,null,1955-11-10
1226,Maximino,Lerma,Masculino,1962-10-27
1227,Gervasio,Royo,Masculino,1962-05-22
1228,Ángeles,Garay,null,1985-10-28
1229,Herberto,Lillo,null,1951-07-21
1230,Andrea,Alvarez,Masculino,1978-11-16
1231,Silvio,Valderrama,Masculino,1958-06-29
1232,Diego,Gordillo,Otro,1967-06-06
1233,Reyna,Riba,Femenino,1944-05-21
1234,Ariadna,Ballesteros,null,1972-02-05
1235,Clara,Jove,Otro,1988-08-10
1236,Serafina,Blasco,Femenino,1995-09-08
1237,Lisandro,Llopis,null,1986-08-17
1238,Fernanda,Gutierrez,Otro,1946-08-10
1239,Loreto,Cuesta,Femenino,1988-11-09
1240,Cirino,Blázquez,Masculino,1955-11-28
1241,Aarón,Benavent,null,1954-10-04
1242,Noa,Peñalver,Masculino,1973-01-04
1243,Eladio,Romero,Femenino,1998-05-20
1244,Ibán,Frías,Masculino,1986-09-07
1245,Gregorio,Palomares,Femenino,1946-05-30
1246,Arsenio,Frías,Femenino,1948-04-03
1247,Blanca,Marí,Femenino,1946-06-10
1248,Olivia,Figueras,null,2000-01-04
1249,Prudencia,Leiva,Masculino,2005-11-16
1250,Ángeles,Zamorano,Masculino,1945-06-13
1251,Octavia,Barco,Femenino,1951-09-24
1252,Abilio,Franco,Femenino,1997-04-03
1253,Aníbal,Ricart,null,2004-01-13
1254,Maristela,Suárez,null,2007-03-30
1255,Azahar,Seguí,Femenino,1960-12-16
1256,Pablo,Córdoba,null,1959-02-14
1257,Evangelina,Novoa,Femenino,1974-03-31
1258,Macario,Polo,Femenino,1991-02-05
1259,Teresa,Pintor,Otro,1944-06-01
1260,Godofredo,Carmona,null,1947-05-09
1261,Baldomero,Lobato,Masculino,1978-07-31
1262,Andrea,Cifuentes,Otro,1999-06-04
1263,Vinicio,Salgado,null,1997-07-21
1264,Claudio,Cabeza,Masculino,1958-07-14
1265,Diana,Abella,Masculino,1959-04-11
1266,Leandra,Gomez,Masculino,1948-01-03
1267,Aroa,Mateo,Masculino,1947-02-01
1268,Clotilde,Martínez,Otro,1975-07-07
1269,Toribio,Bermúdez,Masculino,1977-01-11
1270,Salomé,Santos,Masculino,2006-11-30
1271,Gloria,Carpio,Femenino,1954-03-18
1272,Macaria,Villalba,Otro,1959-08-21
1273,Ricarda,Ayuso,Masculino,1992-10-07
1274,Casemiro,Armengol,Otro,1995-07-02
1275,Ruben,Valls,Masculino,2005-01-30
1276,Aurora,Barranco,Masculino,1948-05-26
1277,Pepito,Figuerola,Otro,1970-02-04
1278,Magdalena,Cuéllar,Femenino,2007-06-13
1279,Victoria,Lopez,Otro,1950-09-12
1280,Florentina,Carlos,null,1973-09-24
1281,Isidoro,Castañeda,null,1964-11-09
1282,Teófilo,Roma,Otro,1989-09-18
1283,Genoveva,Cañas,Femenino,1965-05-14
1284,Malena,Montalbán,Otro,1983-04-13
1285,Ale,Soriano,Femenino,1968-04-09
1286,María,Moya,null,1951-09-09
1287,Vanesa,Morante,Otro,1944-04-17
1288,Lorena,Dávila,Masculino,1987-11-03
1289,Angelino,Agudo,Otro,1950-06-05
1290,Ramón,Chaparro,Femenino,1951-06-12
1291,Liliana,Uribe,null,1955-09-13
1292,Leocadia,Colom,Masculino,1986-05-09
1293,Juliana,Bartolomé,Femenino,2004-10-20
1294,Abril,Carreño,Otro,1951-04-20
1295,Saturnino,Vilar,Masculino,1979-05-06
1296,René,Royo,null,1998-05-18
1297,Goyo,Pont,Otro,1972-08-05
1298,Bartolomé,Catalá,Femenino,1984-04-17
1299,Adalberto,Cabrera,null,1953-10-02
1300,Isabela,Perelló,null,1986-01-31
1301,Herminio,Barón,Femenino,1955-12-23
1302,María Jesús,Palma,Masculino,1992-10-08
1303,Susana,Arenas,Otro,1999-03-01
1304,Anunciación,Abad,null,2002-02-18
1305,Catalina,Llano,null,1979-03-28
1306,Selena,Lucas,Otro,1947-04-27
1307,Verónica,Gimeno,null,1954-09-23
1308,Vanesa,Suárez,Masculino,1998-04-29
1309,Berta,Pons,Masculino,2005-05-15
1310,Rosario,Hoyos,Masculino,1959-07-05
1311,Lupe,Guijarro,Otro,1961-01-13
1312,Cesar,Rosell,Otro,2001-12-18
1313,Vera,Revilla,null,1952-06-21
1314,Glauco,Garcés,Femenino,1990-12-15
1315,Febe,Fuster,Masculino,1991-07-22
1316,Fernando,Mata,Femenino,1987-11-30
1317,Emilio,Girona,Otro,1986-04-24
1318,Alberto,Viñas,Otro,1971-03-21
1319,Teresa,Cortina,Femenino,1953-11-30
1320,Nuria,Camino,null,1987-11-06
1321,Jose Manuel,Acevedo,Otro,1992-03-06
1322,Luis Ángel,Coronado,Masculino,1948-12-17
1323,Amalia,Posada,Otro,1959-02-11
1324,Víctor,Cabeza,Femenino,1979-09-29
1325,Fito,Pont,Masculino,1948-10-30
1326,Constanza,Paz,Femenino,1954-09-09
1327,Graciana,Villa,null,1974-08-10
1328,Leandra,Ródenas,null,2001-11-29
1329,Angelino,Viñas,Femenino,1995-01-09
1330,Odalis,Torre,Masculino,1944-02-20
1331,Eufemia,Páez,Masculino,1960-11-11
1332,José Mari,Torrents,null,1978-12-27
1333,Amaro,Rivero,Otro,1982-06-14
1334,Estela,Rodriguez,Masculino,1984-11-08
1335,Imelda,Amador,Otro,1960-11-14
1336,Gaspar,Ferrer,null,1986-12-19
1337,Silvia,Vives,Masculino,2004-08-28
1338,Roberto,Guijarro,null,1976-09-12
1339,Filomena,Agullo,Femenino,1947-02-08
1340,Maristela,Delgado,Otro,1997-07-19
1341,Poncio,Díaz,Otro,1944-03-11
1342,Haroldo,Mercader,Otro,1967-03-16
1343,Raúl,Arellano,Otro,1995-05-17
1344,José María,Giménez,null,2005-02-18
1345,Rosalía,Guzmán,null,1992-11-02
1346,Loida,Murillo,Masculino,1954-04-19
1347,Manolo,Somoza,Femenino,1982-08-21
1348,Juan Francisco,Cepeda,Femenino,1960-01-05
1349,Rosa María,Rueda,Femenino,1993-05-05
1350,Noelia,Ibañez,Otro,1956-12-09
1351,Elisabet,Cabello,Femenino,1945-02-09
1352,Clarisa,Riba,null,1977-05-28
1353,Juliana,Hernández,Masculino,1982-08-20
1354,Tomasa,Cobo,Femenino,1960-04-20
1355,Fulgencio,Moliner,null,1962-09-14
1356,Jose Manuel,Hidalgo,null,1983-08-30
1357,Juan,Duran,null,1971-05-11
1358,Nicanor,Toro,null,1967-05-13
1359,Maxi,Mendez,Masculino,1998-08-02
1360,Jose Francisco,Otero,Otro,1958-08-25
1361,Isaura,Piquer,null,1957-09-18
1362,Vicente,Casares,Otro,1976-04-11
1363,Fidela,Sanmartín,Femenino,1971-02-02
1364,Néstor,Galván,null,2005-04-14
1365,Chus,Rico,Otro,1992-08-05
1366,Alcides,Llopis,Masculino,1978-03-06
1367,Ariel,Zapata,Femenino,1953-10-29
1368,Celestino,Sáenz,Femenino,1953-02-16
1369,Renato,Bauzà,Masculino,1964-06-29
1370,Florencia,Zabala,Otro,2007-04-27
1371,Daniel,Sosa,null,2001-06-06
1372,Carmelita,Abella,null,1984-01-26
1373,Amarilis,Prat,Otro,1998-10-15
1374,Juanito,Batalla,Otro,1949-12-06
1375,Marta,Vilaplana,Femenino,1982-08-05
1376,Vilma,Tapia,Femenino,2007-02-20
1377,Gema,Arregui,Masculino,1983-01-04
1378,Hugo,Cano,null,1979-01-03
1379,Magdalena,Sanjuan,Femenino,1966-12-05
1380,Felipe,Soriano,Femenino,1984-04-19
1381,Nydia,Folch,Otro,1978-02-27
1382,Javi,Ordóñez,Femenino,1970-04-10
1383,Lisandro,Salazar,Otro,1955-01-04
1384,Consuela,Armengol,Masculino,2006-12-12
1385,Dominga,Prat,Otro,2006-06-07
1386,Cristian,Herrera,Femenino,1949-03-26
1387,Fortunata,Cervantes,Otro,2006-11-02
1388,Ruben,Guerra,Otro,1964-07-06
1389,Luna,Pla,null,2004-01-08
1390,Cecilio,Abad,Femenino,1979-08-29
1391,Julie,Roura,null,1950-06-10
1392,Francisco,Briones,Otro,1948-07-30
1393,Lucas,Crespo,Masculino,1976-03-16
1394,Luciana,Iglesia,Masculino,1991-03-24
1395,Lola,Cabello,Femenino,2001-07-18
1396,Marcelo,Martinez,Femenino,2001-08-06
1397,Pilar,Navas,Masculino,1962-10-03
1398,Leandro,Ramón,Otro,2006-10-15
1399,Ruth,Revilla,Otro,1988-08-06
1400,Gisela,Marí,null,1992-12-04
1401,Lázaro,Sobrino,Masculino,1953-08-10
1402,Benigno,Guardia,null,1995-06-02
1403,Jessica,Gordillo,Femenino,1999-08-17
1404,Zacarías,Naranjo,Masculino,1998-09-11
1405,Severo,Agustí,Otro,1982-12-12
1406,Isabel,Gomis,Masculino,1966-03-04
1407,Norberto,Morán,Masculino,1986-10-15
1408,Jesús,Reguera,Masculino,1993-03-13
1409,Paulino,Torrecilla,Femenino,1976-11-03
1410,Florentina,Vidal,null,1987-03-31
1411,Cebrián,Bustos,Otro,2005-10-19
1412,Otilia,Ferrero,null,1997-07-10
1413,Nieves,Izaguirre,Masculino,1948-01-20
1414,Manu,Montserrat,null,1991-11-26
1415,Encarnacion,Aliaga,null,1947-03-18
1416,Consuela,Mateu,Masculino,1992-11-19
1417,Lilia,Ojeda,Femenino,1981-06-11
1418,Petrona,Calzada,null,1979-04-07
1419,Cesar,Beltran,Otro,2000-12-22
1420,Vidal,Pintor,Masculino,1988-09-30
1421,Florentino,Campos,Masculino,1997-05-09
1422,Lina,Iborra,null,1981-10-06
1423,Maite,Vicens,Masculino,1986-07-30
1424,Basilio,Palmer,Femenino,1961-08-04
1425,Antonio,Mateos,Femenino,1981-05-11
1426,Adriana,Company,Otro,1997-12-10
1427,Haroldo,Fernandez,Masculino,1983-09-23
1428,Josep,Barral,Masculino,1985-06-21
1429,Juan Manuel,Coronado,Masculino,1968-02-26
1430,Joel,Cózar,Femenino,1955-03-23
1431,Ángela,Jara,null,1956-09-23
1432,Isabel,Morillo,null,1944-08-01
1433,Cesar,Sobrino,Otro,1969-01-20
1434,Josefina,Coca,Otro,1991-04-23
1435,Atilio,Catalá,null,1956-02-04
1436,Álvaro,Cruz,Masculino,1993-11-25
1437,Nazario,Campoy,Otro,1962-08-03
1438,Amador,Aguiló,Otro,1949-09-27
1439,Berto,Calatayud,Femenino,1967-09-01
1440,Antonio,Casado,Masculino,2006-04-30
1441,Amando,Prat,Masculino,1955-10-23
1442,Teodora,Donaire,Masculino,1991-04-28
1443,Lina,Bernad,Masculino,1992-03-27
1444,Reinaldo,Cabello,Femenino,2007-08-27
1445,Ruben,Sáez,Masculino,1966-08-05
1446,Manola,Manzano,null,1967-05-26
1447,Ruperto,Guzmán,Otro,1976-12-12
1448,Virginia,Marí,Femenino,1982-08-04
1449,Leonor,Huerta,Masculino,1948-08-28
1450,Chucho,Terrón,Otro,1947-02-22
1451,Inocencio,Román,null,1949-09-12
1452,Ester,Martinez,null,1968-09-17
1453,Juan Carlos,Milla,null,1966-02-07
1454,Yéssica,Aroca,null,1988-03-21
1455,Geraldo,Pujol,Masculino,1982-06-06
1456,Micaela,Andrade,Femenino,1993-03-13
1457,Onofre,Garcés,Masculino,2005-02-08
1458,Lope,Nuñez,null,1968-07-09
1459,Juan José,Jiménez,Femenino,1986-11-28
1460,Primitivo,Castelló,Masculino,1974-11-08
1461,Nicolás,Haro,Femenino,1946-02-11
1462,Vicenta,Urrutia,null,1991-10-07
1463,Amado,Pavón,Masculino,1953-03-27
1464,Sarita,Palomo,null,1964-08-27
1465,Elena,Bejarano,Femenino,1993-07-09
1466,Jenny,Carreras,Femenino,1966-05-19
1467,Laura,Falcó,Otro,1998-06-18
1468,Chuy,Araujo,Femenino,1946-11-02
1469,Albina,Rozas,Masculino,1950-05-01
1470,Yolanda,Molina,Femenino,1984-08-16
1471,Salomé,Corominas,Masculino,1997-04-27
1472,Jorge,Carrillo,Femenino,1968-10-19
1473,Elodia,Villalobos,Masculino,1949-06-02
1474,Abraham,Saez,Femenino,1945-12-24
1475,Ángeles,Calderón,Masculino,2003-04-19
1476,Abilio,Lozano,Otro,1959-10-22
1477,Pía,Aznar,Otro,1992-03-07
1478,Ascensión,Palacio,Femenino,1973-12-03
1479,Gonzalo,Juan,Otro,1989-03-21
1480,Caridad,Enríquez,Masculino,1956-09-24
1481,Bárbara,Franco,Masculino,2005-10-13
1482,Angélica,Corominas,Otro,2001-01-14
1483,Clemente,Plaza,Femenino,1991-01-31
1484,Lucas,Zurita,null,1986-11-24
1485,Godofredo,Torre,Femenino,1989-03-26
1486,Juana,Alba,Masculino,1954-02-19
1487,Humberto,Arce,Masculino,1962-11-15
1488,Roldán,Arrieta,Femenino,1962-02-10
1489,Jose Ignacio,Tena,Otro,1980-07-12
1490,Borja,Cazorla,null,1944-02-24
1491,Demetrio,Castañeda,Masculino,1959-05-17
1492,Loida,Ribera,Femenino,1983-09-27
1493,Juan Carlos,Puerta,Femenino,1961-07-30
1494,Aura,Bernal,Otro,1992-09-13
1495,Augusto,Bayón,null,1946-09-08
1496,Damián,Raya,Otro,1958-01-25
1497,Jacinta,Valenzuela,null,1966-11-12
1498,Ana Belén,Bravo,null,1999-05-16
1499,Yolanda,Gaya,Femenino,1963-09-09
1500,Ligia,Pujadas,Femenino,1983-09-16
1501,Anastasia,Tur,Otro,1961-04-26
1502,Claudia,Becerra,Otro,2007-04-21
1503,Rodolfo,Expósito,Femenino,1949-07-28
1504,Heliodoro,Santamaría,Otro,1987-02-06
1505,Casandra,Canals,Masculino,1989-11-20
1506,María Del Carmen,Ricart,Masculino,1991-07-23
1507,Néstor,Arévalo,null,1960-05-11
1508,Felix,Guijarro,Masculino,1986-05-13
1509,Ambrosio,Catalá,Otro,1970-10-16
1510,Luisina,Salvà,Masculino,1977-06-19
1511,Daniel,Sacristán,Otro,1966-02-13
1512,Emiliano,Collado,Femenino,1957-09-13
1513,Blanca,Santiago,Femenino,1948-10-27
1514,Pepe,Ferrando,null,2006-12-25
1515,Paulina,Asenjo,null,2000-04-13
1516,Joaquina,Martinez,null,1986-06-18
1517,Emiliana,Vázquez,null,1996-04-14
1518,Nicodemo,Pedraza,null,1992-08-27
1519,Marcelo,Serna,Otro,1974-11-16
1520,Demetrio,Linares,Otro,2004-04-10
1521,María Cristina,Rodríguez,Otro,1998-10-25
1522,Belén,Duran,Femenino,1971-09-19
1523,Eligio,Bru,Femenino,2006-04-26
1524,Zaira,Cabeza,null,1996-03-14
1525,Eugenio,Benitez,Masculino,1977-05-30
1526,Edgardo,Cabanillas,Otro,1996-02-27
1527,Vicente,Casal,Femenino,1987-12-16
1528,Sonia,Herrera,null,1963-03-10
1529,Lara,Llanos,Otro,1962-06-21
1530,Chucho,Blanes,Otro,1984-03-27
1531,Jordi,Azorin,Otro,1981-10-28
1532,Rita,Checa,Masculino,2006-07-02
1533,Domingo,Ángel,null,1976-08-09
1534,Anita,Andres,Otro,1958-06-07
1535,Norberto,Vara,Masculino,1993-12-09
1536,Lucas,Ramirez,Masculino,2005-09-18
1537,Maximiliano,Perea,Otro,1996-08-03
1538,Cristóbal,Morán,Masculino,2006-11-08
1539,Delia,Baeza,Femenino,2006-10-01
1540,Remedios,Maestre,Otro,1973-10-05
1541,Luisina,Amador,Otro,1976-11-24
1542,Dan,Pons,null,1992-06-11
1543,Armando,Zurita,null,1955-04-05
1544,Luciana,Hoyos,Femenino,1994-04-15
1545,Iker,Casals,Femenino,1955-04-26
1546,Maricruz,Vélez,Otro,1995-09-16
1547,Irma,Bayo,Femenino,1946-07-17
1548,Berta,Piquer,Otro,1991-11-05
1549,Dorotea,Leon,Otro,1969-12-10
1550,Eustaquio,Ponce,Femenino,2000-04-10
1551,Alberto,Tamayo,Otro,1987-03-31
1552,Zacarías,Francisco,Femenino,1959-02-15
1553,Salvador,Lillo,Femenino,1955-09-06
1554,Lorena,Pino,null,1960-06-10
1555,Malena,Puente,Masculino,1964-04-13
1556,Bartolomé,Perea,Masculino,1948-08-24
1557,Darío,Salvador,Femenino,2003-07-30
1558,Feliciana,Belda,null,1959-11-08
1559,Clara,Alcolea,Femenino,1960-03-04
1560,Anastasia,Abascal,Masculino,2007-04-04
1561,Alondra,Solera,Otro,2006-12-30
1562,Elisabet,Cantero,Masculino,1973-04-16
1563,Isa,Casals,Otro,1950-05-07
1564,Paloma,Borrego,Otro,1973-01-19
1565,Teobaldo,Anaya,null,1969-02-10
1566,Clarisa,Beltran,Femenino,1953-04-28
1567,Irma,Galván,Femenino,1980-11-19
1568,Chus,Escrivá,Femenino,1991-03-29
1569,Feliciana,Español,Otro,1995-07-19
1570,Celso,Lladó,Femenino,1985-05-05
1571,José,Galán,null,1960-04-12
1572,Rosalía,Moreno,null,1991-03-22
1573,Perlita,Bernal,Otro,1993-12-17
1574,Javier,Folch,Otro,2006-04-13
1575,Florencio,Ricart,Femenino,1965-12-21
1576,Javiera,Saavedra,Masculino,1972-12-04
1577,Fabiola,Prado,Otro,2004-10-04
1578,Vinicio,Perales,Otro,2005-03-16
1579,Amador,Villanueva,null,1990-08-13
1580,Jordán,Lluch,null,2000-11-19
1581,Consuelo,Huerta,Femenino,1975-10-19
1582,Leire,Vigil,Femenino,1966-12-22
1583,Dionisia,Figuerola,Masculino,1996-05-08
1584,Carina,Morante,Femenino,1993-10-20
1585,Cristian,Iborra,Femenino,1985-07-04
1586,Florina,Carrillo,Femenino,1956-01-18
1587,Paloma,Villena,null,1973-06-08
1588,Visitación,Castillo,Masculino,1975-05-31
1589,Dan,Abril,Masculino,1983-09-07
1590,Domitila,Heras,Femenino,1988-03-28
1591,Sabas,Borrell,null,2000-09-11
1592,Juliana,Aguirre,null,1944-12-09
1593,Pablo,Alberola,Femenino,1967-09-10
1594,Leonor,Valls,Femenino,1994-06-25
1595,Mireia,Díaz,Otro,2002-02-17
1596,Corona,Quero,Femenino,1970-12-23
1597,Judith,Lledó,Femenino,1968-04-07
1598,Aránzazu,Carrasco,Femenino,1959-05-07
1599,Coral,Garrido,Masculino,1969-06-05
1600,Renata,Cabello,null,2002-09-23
1601,Melania,Galiano,Masculino,1962-02-20
1602,Jaime,Calvo,Femenino,1994-12-16
1603,Manuelita,Perelló,Otro,1962-05-27
1604,María Dolores,Tormo,Masculino,1979-08-26
1605,Rosario,Blasco,null,1973-02-03
1606,Samuel,Benavent,null,1975-09-24
1607,Carina,Balaguer,Femenino,1997-06-24
1608,Vasco,Leon,Femenino,1951-10-27
1609,Aristides,Palmer,Masculino,1950-10-23
1610,Reyna,Carrión,Femenino,1946-08-28
1611,Perla,Arana,Masculino,1993-03-15
1612,Pío,Higueras,Femenino,1974-02-16
1613,Jovita,Benitez,Femenino,1971-10-26
1614,Xavier,Rodrigo,Femenino,2003-03-31
1615,Selena,Fernandez,Masculino,1965-08-15
1616,Blanca,Molina,Otro,1984-08-09
1617,Duilio,Vidal,Masculino,1975-03-24
1618,Maxi,Figuerola,Masculino,1944-04-18
1619,Ignacio,Pera,Femenino,1984-09-08
1620,José,Peñas,Femenino,1959-08-17
1621,Maximino,Diéguez,Femenino,1963-09-03
1622,Hilario,Torrecilla,Otro,1979-04-03
1623,Paco,Corbacho,Femenino,1957-04-23
1624,Noa,Marí,Otro,2001-06-22
1625,Lara,Ferrández,null,1978-03-13
1626,René,Vicente,Femenino,1946-04-02
1627,Evita,Guardia,Otro,1975-12-28
1628,Luz,Zabaleta,Masculino,1961-07-13
1629,Concha,Mancebo,Otro,2006-04-02
1630,Vanesa,Berenguer,Femenino,1954-08-08
1631,Juan Manuel,Gálvez,Masculino,1998-08-06
1632,Petrona,Serra,Otro,1969-11-04
1633,Tomasa,Beltran,Femenino,1983-12-04
1634,Borja,Núñez,Otro,1990-11-04
1635,Rocío,Busquets,null,1972-07-28
1636,Héctor,Bolaños,null,1965-11-17
1637,Xavier,Vallés,Femenino,2001-07-06
1638,Mario,Díez,Masculino,1948-07-26
1639,Pelayo,Ugarte,null,1991-01-13
1640,Berto,Arce,null,1972-04-07
1641,Javiera,Ledesma,Femenino,2000-08-20
1642,Águeda,Tirado,Otro,1959-03-22
1643,Pili,Mateu,Femenino,2003-10-23
1644,Margarita,Guzman,Masculino,1974-02-25
1645,Eliseo,Blanca,Masculino,1954-10-06
1646,Rosendo,Noriega,Femenino,1957-07-12
1647,Antonio,Tello,Otro,1957-06-02
1648,Francisco Jose,Marti,null,1985-01-17
1649,Isaura,Flor,Femenino,1959-11-05
1650,Lupita,Palmer,Femenino,1949-08-12
1651,Olivia,Franco,Femenino,1991-03-26
1652,Bernabé,Aragonés,Masculino,1946-10-04
1653,Valerio,Arjona,Otro,1971-08-10
1654,Federico,Daza,Otro,1954-01-24
1655,Roberto,Uría,Masculino,2002-05-27
1656,Julio,Zamora,Otro,1958-10-03
1657,Gertrudis,Sandoval,Otro,2006-09-07
1658,Samanta,Matas,Masculino,2003-12-22
1659,Rufina,Carrillo,Otro,1952-10-22
1660,Luis Miguel,Palomar,Masculino,1951-09-24
1661,María Ángeles,Perez,null,1967-06-23
1662,Purificación,Cerdán,Femenino,2002-01-20
1663,Pilar,Martinez,Femenino,1986-03-11
1664,Luis,Pedro,null,2007-03-16
1665,Jordán,Ibañez,null,1975-10-06
1666,Vilma,Arcos,Masculino,1981-11-24
1667,Cristian,Alemán,Otro,1985-05-19
1668,Fortunata,Alarcón,null,1953-01-02
1669,Eutropio,Vaquero,Otro,1992-01-12
1670,Concepción,Viñas,Femenino,1947-01-09
1671,Jennifer,Bermudez,Femenino,1976-08-13
1672,Silvia,Jordán,Masculino,1998-01-29
1673,Eduardo,Villaverde,Femenino,1976-09-19
1674,Ciríaco,Alfonso,Masculino,1995-07-18
1675,Chuy,Cano,null,1984-11-28
1676,Rafa,Grau,Femenino,1950-01-03
1677,Gustavo,Hoz,null,1953-12-14
1678,Santos,Rosell,Otro,1994-04-20
1679,Trini,Tenorio,Masculino,1985-04-05
1680,Hernando,Hoz,Otro,1963-12-08
1681,Nilda,Huerta,null,1995-02-24
1682,Miguel Ángel,Sevillano,Otro,1975-05-12
1683,Gloria,Hoyos,Masculino,1963-08-02
1684,Reinaldo,Saldaña,Otro,2005-02-19
1685,Moreno,Heredia,null,1953-07-17
1686,Eufemia,Cerdán,Masculino,1968-07-23
1687,Leandro,Domínguez,Masculino,2007-06-26
1688,Baldomero,Vergara,Otro,1954-04-02
1689,Olivia,Calleja,Masculino,2001-08-19
1690,Ligia,Marqués,null,1955-08-31
1691,Domingo,Merino,Otro,1945-02-26
1692,Susanita,Montaña,Masculino,1961-09-02
1693,Lola,Pedro,null,1998-12-11
1694,Octavio,Ocaña,Femenino,1957-10-31
1695,Matilde,Santana,Masculino,1985-08-26
1696,Quirino,Niño,Femenino,2003-04-30
1697,Paulino,Villalba,Masculino,2000-07-02
1698,Graciana,Maestre,null,1959-10-17
1699,Amanda,Escrivá,null,1968-02-24
1700,Jesusa,Hidalgo,Masculino,1994-08-27
1701,Obdulia,Soler,null,1995-05-30
1702,Sol,Requena,Otro,1999-10-26
1703,Wálter,Cuervo,Femenino,1984-09-24
1704,Agapito,Huertas,null,1970-08-07
1705,Benjamín,Crespo,Femenino,1977-05-08
1706,Josefa,Lastra,Masculino,1998-09-05
1707,Flora,Ribera,Masculino,1961-04-10
1708,Ruperta,Soto,Masculino,1947-06-05
1709,Augusto,Bonet,Masculino,1985-03-07
1710,Rosaura,Barrios,Masculino,2003-08-14
1711,Manu,Talavera,Otro,1965-02-21
1712,Lara,Domingo,null,1999-08-19
1713,Eli,Porras,Otro,1989-01-02
1714,Fabián,Valentín,null,1970-04-08
1715,Seve,Ayala,Femenino,1946-09-10
1716,María Carmen,Isern,Otro,1996-09-25
1717,Gervasio,Múgica,Otro,2000-09-10
1718,Gala,Lamas,Masculino,1984-03-24
1719,Eduardo,Cortes,null,2006-07-03
1720,Hector,Sierra,Otro,2007-01-30
1721,Iván,Mas,Femenino,2002-02-03
1722,Cipriano,Morera,Masculino,1947-04-05
1723,Edelmira,Roura,Masculino,1948-12-31
1724,Gaspar,Juliá,null,1985-04-15
1725,Encarna,Arroyo,null,1984-03-06
1726,Roldán,Esteve,Femenino,1955-01-14
1727,Celestino,Vizcaíno,Otro,1991-06-15
1728,Amparo,Bonilla,null,1961-01-24
1729,Octavio,Martin,null,2006-10-07
1730,Tristán,Andrade,Masculino,1973-05-29
1731,Che,Blanch,null,1952-02-20
1732,Anacleto,Royo,Femenino,1965-05-08
1733,Concha,Salas,Femenino,1989-03-23
1734,Ibán,Soriano,Masculino,1968-08-08
1735,Amando,Haro,null,1974-08-03
1736,Felipe,Casares,Otro,1981-10-14
1737,Nico,Azorin,Masculino,1945-05-31
1738,Flavia,Campo,Masculino,1984-07-07
1739,Rogelio,Araujo,Femenino,1951-02-07
1740,Marciano,Villanueva,Femenino,2005-04-23
1741,Sandalio,Galindo,Masculino,1994-07-26
1742,Adrián,Villanueva,Otro,1950-02-10
1743,José,Sacristán,Masculino,1947-10-08
1744,Estrella,Rodríguez,Otro,1995-09-27
1745,Luciano,Cañas,Otro,1957-08-29
1746,Valentín,Marí,Masculino,1989-07-21
1747,Telmo,Llabrés,null,1958-09-09
1748,Chita,Valero,Masculino,1948-11-25
1749,Reina,Cases,null,1957-09-11
1750,Adán,Moll,Masculino,1956-10-25
1751,Reyes,Sanz,Otro,1996-11-21
1752,Fermín,Posada,null,1952-11-15
1753,Eutimio,Villar,Masculino,1962-09-13
1754,Juan Luis,Valentín,Masculino,1958-06-13
1755,Damián,Alberola,Otro,1980-03-03
1756,Teobaldo,Landa,null,1987-08-30
1757,María Luisa,Bauzà,null,1964-11-15
1758,Ramón,Ramirez,Femenino,1988-07-02
1759,Emilia,Asenjo,Masculino,1970-04-13
1760,Adelia,Agustí,Otro,1963-10-30
1761,Aurelia,Molins,Femenino,1951-03-30
1762,Moreno,Huertas,null,1986-04-17
1763,Bernardo,Verdejo,Masculino,1965-07-20
1764,Paco,Peña,Masculino,1974-06-15
1765,María Luisa,Lumbreras,Femenino,2007-08-12
1766,Eleuterio,Cantero,Masculino,1987-07-23
1767,Leonor,Mate,Masculino,2000-02-25
1768,Régulo,Carranza,Otro,1954-06-19
1769,Georgina,Toro,Femenino,2005-01-28
1770,Zoraida,Pagès,Masculino,1945-08-05
1771,Octavia,Campillo,Masculino,1989-12-14
1772,Emperatriz,Alcázar,Otro,1955-04-28
1773,Aureliano,Godoy,Masculino,1960-07-25
1774,Tiburcio,Quesada,Femenino,2007-03-20
1775,Lucas,Blanes,null,1991-07-19
1776,Ildefonso,Vendrell,null,2005-07-26
1777,Emigdio,Guerrero,Masculino,1996-04-01
1778,Sonia,Ramírez,Masculino,1965-05-21
1779,Fortunato,Gabaldón,Femenino,1960-02-19
1780,Nidia,Arco,Femenino,1954-07-23
1781,Jonatan,Ángel,null,2001-12-17
1782,Fabián,Puig,Otro,2007-04-21
1783,Dorotea,Antúnez,Femenino,1949-06-24
1784,Odalis,Guardiola,null,1989-10-27
1785,Irma,Cadenas,Otro,1970-04-02
1786,Heraclio,Aranda,null,1975-11-04
1787,Mohamed,Pérez,Otro,1992-06-08
1788,Remigio,Losada,Femenino,1997-11-22
1789,Eutimio,Exposito,Femenino,1961-10-07
1790,Fernanda,Bartolomé,Masculino,1992-01-26
1791,Adelina,Tovar,Otro,1985-03-18
1792,Nicodemo,Belmonte,Masculino,2001-06-14
1793,Luís,Amor,Otro,1999-11-11
1794,Leticia,Hervás,Otro,1947-02-26
1795,Ernesto,Alonso,Otro,1972-01-02
1796,Belén,Coello,null,1963-06-18
1797,Anastasio,Cámara,Masculino,1972-12-10
1798,Lucila,Ferreras,Otro,1960-04-01
1799,Hilario,Prada,null,1952-08-14
1800,Saturnino,Matas,Femenino,1960-09-24
1801,Alejo,Macias,Femenino,1965-06-22
1802,Paulina,Melero,Masculino,1945-08-15
1803,Ainara,Reina,Masculino,1945-04-30
1804,Zoraida,Bertrán,null,1964-12-03
1805,Modesto,Madrigal,Masculino,1947-01-22
1806,Fidel,Calvo,Femenino,1984-07-12
1807,Francisco,Serrano,null,1951-12-06
1808,Josefa,Roman,Otro,2004-04-18
1809,Ruy,Luz,Otro,1976-10-02
1810,Teo,Lobato,Otro,1968-03-21
1811,Augusto,Morales,Femenino,1959-06-29
1812,Morena,Noguera,Femenino,1997-02-27
1813,Pancho,Estevez,Masculino,1982-04-27
1814,Manolo,Carreño,Masculino,1975-06-21
1815,Isaac,Rebollo,Femenino,2006-05-16
1816,Jesusa,Lasa,Masculino,1963-06-15
1817,Jeremías,Quintero,null,1970-11-30
1818,Eliseo,Solís,null,1954-06-17
1819,Estela,Morante,null,1956-04-03
1820,Carlos,Luz,Masculino,1947-04-06
1821,Eva María,Rosa,Femenino,1997-01-15
1822,Ainoa,Torrecilla,null,1983-12-07
1823,Onofre,Martinez,Otro,2000-04-13
1824,Chus,Recio,null,1952-10-17
1825,Herminia,Rivas,Femenino,1968-05-27
1826,Lázaro,Aguiló,null,1959-05-17
1827,Nadia,Arregui,null,1982-05-17
1828,Octavio,Campo,Otro,1975-07-02
1829,Manu,Rivera,Otro,1993-11-10
1830,Felix,Gimenez,Femenino,2004-08-03
1831,Calixto,Arias,Femenino,2007-04-29
1832,Jenny,Aguilar,Masculino,2000-12-22
1833,África,Murillo,Otro,1951-10-03
1834,Alcides,Alberto,Masculino,2006-03-25
1835,Roldán,Patiño,Otro,1947-02-09
1836,Calixta,Reina,Masculino,1961-03-26
1837,Anna,Valera,Femenino,1968-08-03
1838,Hilda,Sastre,Femenino,1960-01-11
1839,Albino,Pujol,Femenino,1998-07-27
1840,Jafet,Belda,null,1976-02-10
1841,Eligio,Blanca,null,1970-06-21
1842,Tristán,Molins,Otro,1981-06-07
1843,Nélida,Pallarès,Otro,2001-07-26
1844,Joaquín,Jover,Femenino,1977-05-01
1845,Benita,Estrada,Femenino,2007-02-06
1846,Jaime,Cabañas,Otro,1963-03-27
1847,Fátima,Vara,null,1990-02-24
1848,Adalberto,Bonilla,null,1965-03-03
1849,Adrián,Marti,Femenino,1980-07-30
1850,Isaías,Ballester,Otro,1944-10-16
1851,Ibán,Parejo,null,1980-11-08
1852,Armida,Lamas,Masculino,1944-08-15
1853,Amor,Ávila,Femenino,2003-02-09
1854,Nacio,Leiva,Otro,1952-02-16
1855,Juanita,Sáez,Masculino,1961-12-07
1856,Leopoldo,Bellido,Masculino,2004-03-23
1857,Blas,Diaz,null,1944-02-13
1858,Ester,Bellido,Femenino,1975-06-29
1859,Paulino,Pozo,null,1975-02-14
1860,Inés,Guerrero,null,1963-06-22
1861,Jose Ignacio,Orozco,null,1971-09-10
1862,Lisandro,Escrivá,Femenino,1993-01-10
1863,Iris,Exposito,Otro,2000-10-08
1864,Pedro,Vizcaíno,Otro,1999-08-21
1865,Eutimio,Linares,Masculino,1963-09-01
1866,Zaida,Moles,Femenino,2004-06-02
1867,Gil,Maldonado,Femenino,1989-10-07
1868,Brígida,Martinez,Otro,1974-08-10
1869,Graciela,Pozo,Femenino,1978-02-09
1870,Cintia,Tudela,Femenino,1996-08-05
1871,Nazario,Llorente,Otro,1979-10-02
1872,Ciriaco,Paz,Masculino,1990-09-02
1873,Edelmiro,Villar,Otro,1984-06-30
1874,José Manuel,Arias,Femenino,1953-05-20
1875,Cayetana,Cabanillas,null,1951-05-04
1876,Inmaculada,Llamas,Otro,1978-12-31
1877,Ruth,Tejero,null,2000-10-30
1878,Ignacia,Alfonso,Masculino,1971-09-22
1879,Anita,Gibert,Otro,2005-11-06
1880,Noelia,Escolano,Femenino,1958-03-18
1881,Etelvina,Alberola,Femenino,1974-06-08
1882,Ulises,Muñoz,Masculino,1972-04-26
1883,Nico,Samper,Femenino,1958-03-17
1884,Aníbal,Mayoral,Masculino,1964-06-23
1885,Alfredo,Azcona,null,1959-06-28
1886,José Antonio,Cabezas,Femenino,2002-05-05
1887,Teo,Iglesia,null,1965-11-07
1888,Rodrigo,Alsina,Otro,1950-11-21
1889,Prudencio,Raya,Masculino,1990-01-11
1890,Narciso,Donaire,Masculino,1995-12-05
1891,Catalina,Naranjo,Otro,1968-03-03
1892,Eustaquio,Alegria,Masculino,1973-04-28
1893,Ani,Zorrilla,Otro,1950-12-24
1894,Fernando,Cabrera,Otro,2002-06-28
1895,Ciríaco,Oller,null,2007-05-17
1896,Violeta,Cid,Femenino,2000-10-24
1897,Encarnita,Gracia,Otro,1956-11-13
1898,Carla,Peña,Masculino,1974-06-04
1899,Palmira,Martín,null,1977-05-08
1900,Godofredo,Machado,Otro,1991-03-10
1901,Gloria,Castilla,Masculino,1985-02-18
1902,Rita,Cabañas,Otro,1985-01-12
1903,Ulises,Arnal,null,1977-10-10
1904,Dora,Colomer,Femenino,1980-01-22
1905,Ramón,Zapata,Otro,1956-08-13
1906,Octavio,Lara,Femenino,2003-06-18
1907,Onofre,Ledesma,Otro,1952-01-16
1908,Dionisio,Peláez,null,1961-08-27
1909,Hernando,Verdejo,null,1988-07-04
1910,Lázaro,Domínguez,Masculino,1947-10-17
1911,Jesús,Marí,Masculino,1975-09-04
1912,Eleuterio,Ramón,Femenino,1970-11-12
1913,Alfredo,Velasco,Masculino,1987-03-24
1914,Natanael,Porta,null,1974-01-19
1915,Lucas,Barberá,Femenino,1966-04-02
1916,Dimas,González,Otro,1975-12-11
1917,Salvador,Lloret,null,1971-07-05
1918,Albano,Haro,Femenino,1958-03-27
1919,Tadeo,Rocha,Otro,1976-08-29
1920,Fernando,Rivas,Masculino,1974-12-25
1921,María Ángeles,Llorente,Femenino,1953-04-16
1922,Ester,Fábregas,null,1994-07-26
1923,Delia,Segura,Femenino,1981-06-22
1924,Ulises,Blázquez,Otro,1957-08-08
1925,Azahar,Echevarría,Femenino,1964-04-07
1926,Josefina,Aranda,null,1999-04-12
1927,Wilfredo,Otero,null,1986-12-02
1928,Baltasar,Macías,Masculino,1970-07-05
1929,Pancho,Navas,Masculino,1965-11-13
1930,Mireia,Pazos,Otro,1978-08-20
1931,Azucena,Tomás,Femenino,1970-09-30
1932,Osvaldo,Doménech,Otro,2000-08-08
1933,Osvaldo,Casanovas,Masculino,1949-05-26
1934,Anunciación,Robles,Masculino,1963-06-16
1935,Asunción,Alberto,null,1970-06-02
1936,Dimas,Serra,null,1972-07-07
1937,Leocadia,Porcel,Femenino,2007-05-06
1938,Maristela,Villalonga,Otro,1955-09-18
1939,Maura,Echeverría,null,1982-04-13
1940,Paco,Tejera,Masculino,1983-05-16
1941,Piedad,Barco,Otro,1994-03-06
1942,Aitor,Laguna,null,1951-12-29
1943,Jennifer,Marí,Femenino,1954-12-29
1944,Nélida,Ferrándiz,Otro,1946-04-25
1945,África,Pinedo,Femenino,2000-10-07
1946,Valentín,Campillo,Masculino,1981-05-16
1947,Belen,Pons,Femenino,1961-10-20
1948,Josep,Plana,Femenino,1967-09-01
1949,Tania,Lobato,null,1964-07-24
1950,Dimas,Barranco,null,2007-07-07
1951,Seve,Palomar,Femenino,1974-08-18
1952,Coral,Rivera,Femenino,1975-08-20
1953,Ezequiel,Miranda,Femenino,1990-12-23
1954,Aura,Bilbao,Femenino,1967-08-16
1955,Lucho,Castañeda,Femenino,1973-11-19
1956,Benigna,Solís,Femenino,2000-07-08
1957,Rosaura,Aramburu,Masculino,1989-08-05
1958,Epifanio,Calvo,Masculino,1945-08-27
1959,Rosa,Diego,Otro,1984-05-08
1960,Elba,Barrio,Femenino,1945-05-21
1961,Julio,Lladó,Otro,2005-06-05
1962,Filomena,Vega,null,1988-06-26
1963,Amor,Torre,null,1982-09-29
1964,Lorenzo,Ortiz,Masculino,2005-06-04
1965,Jordi,Pizarro,null,1981-06-11
1966,Reina,Rivera,null,1987-11-27
1967,Felipa,Agustí,Otro,1979-05-15
1968,Juan Pablo,Escalona,Masculino,1974-05-08
1969,Lucía,Casado,null,1983-05-15
1970,Víctor,Pina,null,1999-11-24
1971,Salud,Menendez,Masculino,1956-06-17
1972,Rosario,Armas,Otro,1995-12-31
1973,Jonatan,Aranda,null,2003-09-13
1974,Osvaldo,Segovia,Otro,1983-08-05
1975,Zaida,Blanco,null,1998-12-18
1976,Augusto,Fuentes,Masculino,1954-09-01
1977,Fernanda,Cortés,Masculino,1959-01-07
1978,Venceslás,Abella,Otro,1970-09-21
1979,Tito,Andrés,Otro,1998-01-28
1980,Albano,Guzmán,Otro,1997-05-12
1981,Felicia,Barrena,Otro,1975-08-20
1982,Virginia,Gimeno,Masculino,1999-09-05
1983,Sabas,Prats,Masculino,1987-02-18
1984,Inocencio,Bustos,Masculino,2006-05-12
1985,Amada,Arteaga,null,1998-03-06
1986,Anastasia,Bonilla,Otro,1996-02-13
1987,Catalina,Peña,Masculino,1967-08-08
1988,Anna,Artigas,Otro,1964-02-24
1989,Marcio,Molina,Otro,1969-02-08
1990,Eusebio,Alarcón,Femenino,1950-04-05
1991,Ildefonso,Céspedes,Otro,1969-07-24
1992,Gracia,Carnero,Masculino,1964-04-09
1993,Elvira,Ríos,Femenino,1955-03-27
1994,Jose Ignacio,Rozas,Masculino,1980-07-30
1995,Ruperto,Sancho,Otro,1982-03-26
1996,Amor,Escolano,Masculino,1948-09-16
1997,Belén,Sanjuan,null,1993-08-10
1998,Fidela,Carrillo,null,1949-05-24
1999,Felix,Carrillo,Otro,1956-09-25
2000,Teodora,Nogueira,null,1995-01-11
2001,Pascual,Espinosa,Femenino,1969-06-30
2002,Domingo,Almagro,null,1963-09-28
2003,Eufemia,Mora,Masculino,1987-01-20
2004,Gregorio,Guillén,Femenino,1986-07-05
2005,Roque,Hurtado,Otro,1960-03-11
2006,Marita,Batlle,Femenino,1963-06-29
2007,Celia,Mascaró,Masculino,1958-03-25
2008,Severino,Muro,Masculino,1993-04-02
2009,José María,Quesada,Masculino,1955-04-26
2010,Encarnita,Carretero,Masculino,1954-04-29
2011,Chus,Pellicer,Masculino,2006-07-20
2012,Ainara,Corbacho,Otro,1990-06-10
2013,Ainoa,Sanchez,Otro,1989-09-28
2014,Wilfredo,Pallarès,Femenino,1992-06-30
2015,Martina,Barrio,null,1958-05-18
2016,Rosalinda,Cuadrado,null,1967-07-07
2017,Fortunata,Gilabert,Masculino,1981-01-06
2018,Raúl,Cuenca,Masculino,1965-06-28
2019,Aitana,Tomé,Otro,1973-09-23
2020,Flavia,Cobos,Masculino,1979-05-07
2021,Valentín,Pérez,Femenino,1955-09-11
2022,Goyo,Cerdá,null,1960-09-13
2023,Isa,Saavedra,Otro,1950-10-15
2024,Isaura,Echevarría,Otro,1965-06-11
2025,Pastor,Bueno,Masculino,1983-03-17
2026,Simón,Blazquez,null,1963-06-17
2027,Josué,Iglesias,Femenino,1995-03-17
2028,Cruz,Castro,Femenino,1954-11-08
2029,Vasco,Clemente,Masculino,1948-10-05
2030,Constanza,Sastre,Otro,1986-06-25
2031,Fanny,Arjona,Otro,1959-02-24
2032,Ligia,Román,Masculino,2004-03-03
2033,Adolfo,Galán,null,1944-07-02
2034,Jacinta,Montenegro,Otro,1950-10-28
2035,Olimpia,Cañas,null,1981-05-30
2036,Ignacia,Portillo,null,1962-09-01
2037,Efraín,Peña,Otro,1975-02-24
2038,Gregorio,Guijarro,Femenino,1973-07-04
2039,Anna,Ramirez,Masculino,1963-04-15
2040,Adelardo,Escamilla,Otro,1995-12-07
2041,Amador,Madrid,null,1987-04-27
2042,Carmelo,Amorós,Otro,2000-05-28
2043,Maura,Vera,Masculino,1955-11-20
2044,Atilio,Olmedo,null,1973-10-26
2045,Leocadio,Herranz,Otro,1998-05-07
2046,Fanny,Caro,Femenino,1984-08-31
2047,Anselma,Pintor,null,1979-10-09
2048,Marisol,Salamanca,null,1946-11-15
2049,Darío,Segovia,Masculino,1960-01-12
2050,Adora,Quero,Masculino,1973-06-25
2051,Isabela,Company,Femenino,1958-01-01
2052,Alondra,Pazos,Otro,1992-02-18
2053,Fortunato,Aranda,Masculino,1995-07-11
2054,Jacobo,Mayo,Masculino,1960-02-02
2055,África,Priego,Masculino,1967-05-04
2056,Tatiana,Ballester,null,1943-10-18
2057,Ana Sofía,Alegria,null,2001-04-11
2058,Haydée,Antúnez,null,1993-11-05
2059,Adán,Vélez,null,1949-07-06
2060,Victoria,Cabo,null,1990-11-17
2061,María Luisa,Vilalta,Femenino,2002-08-11
2062,Odalys,Sandoval,Femenino,1958-04-26
2063,Candelas,Méndez,null,1988-03-29
2064,Josué,Sala,Femenino,2001-08-29
2065,Carolina,Blanes,Femenino,1952-10-13
2066,María Belén,Belda,null,1998-12-21
2067,Roberta,Guardiola,null,1965-03-05
2068,Marisela,Bernal,Otro,1945-11-17
2069,Bienvenida,Gascón,Masculino,1970-06-05
2070,Sofía,Pol,null,1972-05-12
2071,Néstor,Corral,null,1991-09-26
2072,Jimena,Ramirez,Otro,1969-09-28
2073,Clara,Prat,Otro,1991-07-01
2074,Ana Belén,Manuel,null,2002-12-21
2075,Reinaldo,Núñez,Femenino,1994-02-09
2076,Otilia,Camps,Masculino,1971-06-22
2077,Delfina,Izquierdo,Femenino,1981-02-01
2078,Ale,Morante,Masculino,1978-04-17
2079,Lidia,Narváez,Masculino,1948-11-24
2080,Maricruz,Vigil,Otro,1974-08-12
2081,Cándido,Gimenez,Otro,1958-06-28
2082,Rubén,Salas,Otro,1962-04-13
2083,Victoriano,Puga,null,1964-05-27
2084,Azucena,Pozuelo,Otro,2004-10-07
2085,Gabino,Cid,Masculino,1956-03-26
2086,Florentina,Barba,null,1972-08-20
2087,Albert,Medina,Otro,1989-09-22
2088,Marciano,Gil,null,1998-09-10
2089,Chita,Bárcena,Femenino,1960-12-10
2090,Aurora,Castillo,Femenino,1949-12-24
2091,Teófilo,Lobato,null,1997-02-23
2092,Cornelio,Valls,Femenino,1998-09-04
2093,Alejo,Alberto,Otro,1996-01-25
2094,Zaira,Ribes,Otro,1971-05-25
2095,Florentino,Mayoral,Femenino,1946-02-23
2096,Cleto,Viñas,null,1991-11-24
2097,Nazario,Conesa,Masculino,1944-05-03
2098,Mamen,Crespi,Masculino,2003-06-09
2099,Jerónimo,Gonzalez,Otro,1977-12-10
2100,Vidal,Zaragoza,Masculino,1969-03-06
2101,Víctor,Aroca,Otro,1969-07-08
2102,Camila,Manso,Otro,1966-04-06
2103,Felisa,Rey,Otro,1947-06-01
2104,Luis Miguel,Duarte,Masculino,1995-12-11
2105,Candelas,Llamas,Femenino,1951-06-01
2106,Reina,Rubio,Masculino,1945-10-31
2107,Sigfrido,Bartolomé,Masculino,1988-05-06
2108,Jose Antonio,Moll,null,1946-06-24
2109,Irma,Machado,Masculino,1951-01-08
2110,Rosaura,Rocamora,Femenino,1970-05-23
2111,Teodosio,Sans,Femenino,1998-05-19
2112,Azahar,Lledó,null,1948-04-22
2113,Mónica,Bejarano,Masculino,1986-09-16
2114,Paulino,Márquez,null,1957-05-03
2115,Anastasia,Atienza,Masculino,1957-05-22
2116,Plinio,Ojeda,null,1948-01-03
2117,Manolo,Isern,null,1962-07-30
2118,Arturo,Sebastián,null,1949-08-23
2119,Antonio,Paredes,null,1994-08-06
2120,Martirio,Vara,Masculino,1969-11-12
2121,Chus,Gracia,Otro,1968-07-11
2122,Mariana,Marqués,null,1997-08-13
2123,Arturo,Fuertes,null,1952-10-14
2124,Febe,Bilbao,Masculino,1998-03-21
2125,Luís,Perera,Otro,1949-09-08
2126,Paola,Camps,null,1959-09-24
2127,Viviana,Benavente,Otro,1947-03-23
2128,Micaela,Diego,Masculino,1965-01-27
2129,Evangelina,Baeza,Otro,1978-12-23
2130,Edu,Fernández,Masculino,1977-02-06
2131,Rufina,Amigó,Otro,1950-10-16
2132,Lucas,Feliu,Femenino,1991-04-25
2133,Faustino,Cervantes,Femenino,1999-08-15
2134,Encarnacion,Pardo,Masculino,1966-08-09
2135,Herberto,Gaya,Otro,1992-11-29
2136,Lourdes,Carbonell,Femenino,2004-06-25
2137,Elba,Gimeno,null,1972-04-09
2138,Juan José,Cisneros,Femenino,2004-07-11
2139,Elba,Belda,Otro,1994-10-02
2140,Patricia,Ibañez,Otro,1952-08-09
2141,Adrián,Alcolea,Masculino,1991-05-24
2142,Efraín,Marín,Otro,1960-06-07
2143,Ana Sofía,Falcó,Femenino,1963-03-24
2144,Eladio,Conde,Otro,1959-10-10
2145,Sarita,Múñiz,Masculino,1948-12-05
2146,María José,Calvo,Masculino,1952-10-11
2147,Benita,Marti,Masculino,1992-06-19
2148,Fortunato,Mur,Masculino,1983-12-31
2149,Haroldo,Tomé,null,1947-06-20
2150,Pilar,Vargas,Femenino,1947-06-27
2151,Edelmiro,Baró,Masculino,1957-01-29
2152,Trini,Carretero,null,1983-07-05
2153,Abril,Cabezas,Otro,1986-05-29
2154,Bernardino,Coronado,Femenino,1960-06-22
2155,Melisa,Blanes,Otro,1979-06-09
2156,Candelario,Mas,null,2003-12-29
2157,Ismael,Domingo,Femenino,1964-07-31
2158,Evita,Bayón,Otro,1966-01-04
2159,Francisco Javier,López,null,1944-01-02
2160,Heriberto,Posada,Femenino,1951-09-22
2161,Curro,Pareja,null,1955-03-14
2162,Domitila,Salvà,Masculino,1967-11-10
2163,Vicente,Llobet,null,1981-10-03
2164,Zaida,Royo,Femenino,1978-07-15
2165,Ricardo,Martin,null,1980-01-20
2166,Nacio,Lamas,Otro,1992-01-07
2167,Baudelio,Fuente,Femenino,1959-01-30
2168,Rosalía,Alcolea,Otro,2001-12-24
2169,Anna,Díez,Otro,1963-07-10
2170,Petrona,Navas,Masculino,1993-04-11
2171,Nilda,Antón,Masculino,1981-08-04
2172,Bruno,Bosch,Masculino,1980-11-27
2173,María Teresa,Hernando,null,1958-01-26
2174,Mariano,Vaquero,Femenino,1956-11-04
2175,Virgilio,Ayllón,Otro,1998-05-01
2176,Alba,Santamaría,Femenino,1973-08-14
2177,Álvaro,Aranda,null,1997-03-03
2178,Ximena,Mulet,Otro,1995-02-12
2179,Chema,Viana,Otro,1989-10-14
2180,Gil,Lerma,null,1988-05-24
2181,Lucía,Gutierrez,null,1953-07-25
2182,Lisandro,Aliaga,Otro,1947-10-06
2183,María José,Palomar,Masculino,1988-05-16
2184,Emilia,Bermúdez,Otro,1963-12-28
2185,Palmira,Vives,Femenino,1954-03-21
2186,Leandra,Pascual,Otro,1956-01-07
2187,Gloria,Salas,null,1974-05-02
2188,Nadia,Cabello,null,1964-06-10
2189,Carlos,Echeverría,null,1995-02-16
2190,Edu,Salcedo,Masculino,1946-08-10
2191,Marcial,Amor,null,1971-04-07
2192,Osvaldo,Ojeda,Femenino,1970-01-06
2193,Marina,Cuéllar,Femenino,1977-08-31
2194,María Cristina,Alcántara,Femenino,1985-08-09
2195,Jesusa,Blanca,Masculino,1947-04-24
2196,Serafina,Rodriguez,Masculino,1962-06-18
2197,Ignacia,Sanjuan,Otro,1956-03-05
2198,Geraldo,Benavente,Masculino,1989-07-28
2199,Francisco,Serrano,Masculino,1994-12-09
2200,Julio,Balaguer,null,2004-08-19
2201,Bibiana,Cano,Femenino,2000-11-09
2202,Úrsula,Salinas,Masculino,1965-04-22
2203,Haroldo,Cabañas,Masculino,1983-10-26
2204,Cornelio,Gómez,Femenino,1966-08-11
2205,Felix,Pol,Femenino,1984-11-11
2206,Elena,Menéndez,Masculino,1966-12-02
2207,Azeneth,Asenjo,Femenino,1967-04-10
2208,Ainara,Espada,null,1965-10-18
2209,Juan Pablo,Belmonte,Otro,1958-12-27
2210,Reynaldo,Iglesias,Femenino,1993-08-03
2211,Evaristo,Mora,null,2005-12-17
2212,Julia,Santana,Otro,1996-03-14
2213,Lisandro,Giménez,null,1946-06-13
2214,Áurea,Duran,Femenino,1986-12-25
2215,Eutimio,Cuéllar,Masculino,1950-03-01
2216,Mireia,Carro,Otro,1959-07-01
2217,Ágata,Torrent,Femenino,1988-01-02
2218,Carmelita,Torres,null,1972-10-26
2219,Prudencia,Mayol,Femenino,1948-07-16
2220,Candelario,Morales,Femenino,2005-12-22
2221,Gerardo,Arranz,null,1993-03-29
2222,Nélida,Tejera,null,1984-10-14
2223,Ainara,Garmendia,Femenino,1966-06-05
2224,Aitana,Caro,Otro,1954-08-30
2225,Áurea,Becerra,null,1954-02-28
2226,Timoteo,Albero,Femenino,1975-03-27
2227,Ciro,Yuste,Femenino,2004-12-05
2228,Angélica,Pallarès,Otro,1975-05-13
2229,Luciano,Samper,Femenino,1995-03-15
2230,Benjamín,Vendrell,Femenino,2001-05-26
2231,Nico,Flor,null,1999-03-19
2232,Nayara,Valderrama,Femenino,1951-05-19
2233,Sebastián,Casado,Otro,1957-07-14
2234,Valero,Osorio,Femenino,1977-02-05
2235,Olimpia,Salamanca,Femenino,1948-07-21
2236,Jaime,Pulido,Masculino,2006-09-05
2237,Isidora,Guardiola,null,1989-08-13
2238,Álvaro,Plana,null,1979-04-09
2239,Eliana,Medina,null,1954-03-20
2240,Florencio,Bru,Otro,1990-04-03
2241,Aristides,Batalla,Otro,1980-06-16
2242,Jesús,Serna,Otro,1988-03-27
2243,Emperatriz,Lara,Femenino,1968-05-28
2244,Eliana,Redondo,Otro,1983-07-02
2245,Jeremías,Carrera,null,1975-04-25
2246,Atilio,Cabeza,Otro,1985-04-26
2247,Hernando,Cobos,Masculino,1998-06-26
2248,Paola,Giner,Masculino,1961-09-05
2249,Felipe,Mena,null,1968-07-14
2250,Omar,España,null,1994-09-28
2251,Nico,Gomis,null,1971-05-15
2252,Primitivo,Fuster,Otro,2003-10-24
2253,Socorro,Artigas,Femenino,1991-10-22
2254,Bernarda,Rivera,Otro,1962-10-05
2255,Vidal,Solsona,Otro,1987-03-14
2256,Angelita,Valdés,null,1978-10-17
2257,Piedad,Torrecilla,Femenino,1984-09-11
2258,Leocadio,Velasco,Femenino,1973-02-15
2259,Tomasa,Salvador,null,1960-05-01
2260,Porfirio,Agullo,Masculino,1992-02-03
2261,Selena,Tamarit,null,1953-06-08
2262,Balduino,Quesada,Femenino,1955-07-24
2263,José Antonio,Agustín,Masculino,1961-12-21
2264,Ágata,Córdoba,Femenino,1979-06-07
2265,Teodoro,Alcolea,null,1972-09-26
2266,Manolo,Corominas,Masculino,1959-02-12
2267,Miguel,Alvarado,Femenino,1951-05-07
2268,Teodosio,Andres,null,1948-03-15
2269,Aurelia,Melero,null,1963-09-25
2270,Nazaret,Pulido,Femenino,1991-09-01
2271,Marianela,Nieto,Masculino,1962-10-04
2272,Narciso,Múñiz,Femenino,1968-07-02
2273,Eligio,Ramón,null,1990-01-26
2274,Florencio,Madrid,Otro,1961-03-30
2275,Luis Ángel,Doménech,Masculino,1991-09-23
2276,Magdalena,Narváez,Masculino,1955-05-12
2277,Isaías,Mancebo,null,1945-06-08
2278,Primitiva,Riquelme,Otro,1972-01-02
2279,Lucas,Orozco,Otro,1985-09-12
2280,Ernesto,Mendizábal,null,1946-07-18
2281,Cruz,Haro,Otro,2003-06-19
2282,Sancho,Dalmau,Masculino,1982-05-12
2283,Reyna,Crespi,null,1988-03-05
2284,Josefina,Bosch,Otro,1988-06-15
2285,Reyes,Pino,Masculino,1967-03-24
2286,Sabina,Morata,Femenino,1964-10-07
2287,Matilde,Galán,null,1992-05-31
2288,Pastora,Lamas,null,1995-11-30
2289,Pilar,Sevillano,Otro,1974-06-14
2290,Pili,Mosquera,Otro,1985-06-12
2291,Luis Ángel,Julián,Otro,1950-12-22
2292,Silvio,Castelló,Masculino,1985-01-17
2293,Gervasio,Yáñez,Masculino,1998-11-21
2294,Cristóbal,Font,Otro,1948-04-18
2295,Luís,Andres,Otro,1983-07-18
2296,Remigio,Cabañas,null,2000-10-11
2297,Manuelita,Albero,Masculino,1976-07-16
2298,Liliana,Casas,Femenino,1998-01-17
2299,Sara,Olivé,Femenino,1976-10-29
2300,Teodora,Dominguez,Otro,1946-10-17
2301,Teresa,España,Femenino,1966-09-13
2302,Carina,Cabrero,null,1971-10-02
2303,Emma,Pons,Masculino,1973-06-16
2304,Florencia,Cuervo,null,1999-07-16
2305,Marco,Villalonga,Femenino,2003-05-26
2306,Ibán,Peiró,Otro,1953-09-21
2307,María Belén,Barba,Femenino,2003-10-10
2308,Fidela,Cabrera,null,1992-03-29
2309,Angélica,Donaire,null,1999-08-01
2310,Amaya,Salmerón,Masculino,1949-04-18
2311,Virginia,Rosell,Femenino,2001-06-02
2312,Adora,Guerrero,null,1968-02-07
2313,Xiomara,Gonzalez,Masculino,1974-05-25
2314,Domingo,Cardona,Masculino,1989-12-10
2315,Francisca,Cerdán,Femenino,2005-01-18
2316,Marc,Garcia,Femenino,1950-12-01
2317,Belen,Navarrete,Femenino,1985-12-28
2318,Valeria,Vélez,Femenino,1982-05-09
2319,Adela,Gracia,Femenino,1970-08-15
2320,Odalys,Sanmiguel,Masculino,2003-04-29
2321,Desiderio,Crespo,Femenino,1953-01-28
2322,Leonor,Mas,null,2000-07-18
2323,Jeremías,Montesinos,Masculino,1975-01-13
2324,Poncio,Merino,Masculino,1975-12-16
2325,Abril,Alcolea,Femenino,2002-09-10
2326,Amelia,Barbero,Femenino,1959-03-27
2327,Rómulo,Rosa,null,1978-02-15
2328,Narcisa,Alegria,Otro,1975-09-12
2329,Diego,Aragonés,null,1964-01-10
2330,Dora,Camps,null,1970-09-21
2331,María Carmen,Calderon,Otro,1963-01-09
2332,Rosalía,Asensio,Otro,1970-04-17
2333,Esteban,Saldaña,Masculino,2003-09-27
2334,Leire,Acero,null,1952-05-08
2335,Cesar,Escribano,Otro,1948-12-01
2336,Vasco,Arévalo,null,1994-05-02
2337,Rodrigo,Polo,Femenino,1995-06-23
2338,Eugenio,Fonseca,Femenino,1979-10-07
2339,Miriam,Pereira,null,1963-11-16
2340,Pablo,Román,null,1950-12-22
2341,Sergio,Hoz,Masculino,2004-09-03
2342,Emma,Benet,Masculino,1973-08-31
2343,Nieves,Pablo,Masculino,1962-04-07
2344,Julio César,Alegre,null,1976-12-19
2345,Rebeca,Bernat,Otro,1948-07-07
2346,Reinaldo,Terrón,Femenino,1969-11-12
2347,Primitivo,Arellano,Otro,1984-08-31
2348,Eugenia,Hoz,Masculino,1998-04-11
2349,Juana,Ayala,Masculino,2005-08-11
2350,Guiomar,Giner,null,1969-05-14
2351,Hilda,Armas,Femenino,1944-02-16
2352,Reynaldo,Pinto,Otro,1945-01-04
2353,Azahar,Franco,Otro,1956-08-09
2354,Galo,Robledo,Masculino,1990-10-23
2355,Vinicio,Galiano,null,1996-03-28
2356,Jimena,Gimeno,null,1987-05-07
2357,Raúl,Miguel,Otro,2006-09-28
2358,Lorenza,Oliva,Femenino,1997-05-10
2359,Venceslás,Uribe,Masculino,1959-09-28
2360,Ainoa,Lloret,Masculino,2003-03-11
2361,Aurelia,Viana,Masculino,1964-12-02
2362,Eliseo,Pizarro,Otro,1962-06-07
2363,Emiliana,Nadal,Femenino,1946-10-12
2364,Isaac,Manjón,Masculino,1968-05-04
2365,Mar,Cañizares,Masculino,1968-06-16
2366,Morena,Carbó,Otro,1956-01-30
2367,Ofelia,Melero,Masculino,1943-09-23
2368,Omar,Benito,Masculino,2006-10-04
2369,Tomás,Benavente,Femenino,1966-09-23
2370,Bonifacio,Ugarte,Masculino,1946-09-19
2371,Roque,Pedrero,Femenino,1947-07-08
2372,Esteban,Cervera,null,1973-12-06
2373,Cipriano,Alegre,Femenino,1980-04-15
2374,Sosimo,Manso,Masculino,1964-11-19
2375,Rosario,Plana,Masculino,1945-10-29
2376,Luna,Plana,null,1987-09-30
2377,Salvador,Morante,Otro,1956-05-08
2378,Bernarda,Garmendia,null,1998-07-03
2379,Elisa,Quintana,Masculino,2003-04-10
2380,Constanza,Jover,Otro,1998-10-03
2381,Feliciano,Patiño,null,1974-09-09
2382,Maricruz,Pino,null,2003-10-12
2383,Loreto,Díez,Masculino,1956-12-28
2384,Aurora,Losa,Otro,1990-10-13
2385,América,Salmerón,Otro,1968-03-17
2386,Cloe,Codina,Otro,1984-11-17
2387,Bernardita,Maza,Femenino,1985-03-18
2388,Ascensión,Verdejo,Femenino,1956-04-06
2389,Evita,Calatayud,null,1980-04-17
2390,Jeremías,Rocha,Femenino,1969-06-09
2391,Victor Manuel,Linares,Otro,1991-06-16
2392,Milagros,Ferrer,null,1999-07-08
2393,Nicanor,Gibert,Masculino,1990-11-05
2394,Camilo,Roura,Otro,1951-04-19
2395,José Manuel,Saez,null,1961-10-21
2396,Febe,Esteve,Femenino,1985-12-22
2397,María,Peiró,Otro,1980-02-02
2398,Marisol,Peiró,Femenino,1964-08-16
2399,Lucía,Vergara,null,1988-06-11
2400,Jimena,Parejo,Masculino,1961-03-26
2401,Eva,Bermudez,null,2002-12-29
2402,Eligio,Hernandez,Masculino,1955-10-04
2403,Artemio,Villanueva,Otro,1999-02-24
2404,Maxi,Álvarez,Otro,1948-03-18
2405,Jesusa,Castell,Femenino,1977-09-08
2406,Renata,Carrillo,Femenino,1957-07-31
2407,Lidia,Galindo,Masculino,2002-05-24
2408,Consuelo,Feijoo,Masculino,1953-03-14
2409,Jose Miguel,Macías,Femenino,1989-08-23
2410,Lope,Galiano,Masculino,1967-03-15
2411,Lupe,Ferreras,null,1967-09-15
2412,Eugenio,Carrión,Otro,1990-03-19
2413,Adriana,Manso,Otro,1998-05-01
2414,Fernanda,Ayllón,Masculino,1958-03-02
2415,Reina,Casals,Masculino,1944-04-27
2416,Maximiano,Montes,Otro,1994-08-15
2417,Rocío,Palomar,Femenino,1977-02-23
2418,María Del Carmen,Mata,null,2005-04-21
2419,Duilio,Prieto,Otro,1975-07-28
2420,Teresa,Piñeiro,Masculino,1999-03-23
2421,Fausto,Esteban,null,1975-04-08
2422,Geraldo,Gimenez,Femenino,1961-08-30
2423,Joaquina,Expósito,null,1995-02-12
2424,Ruperta,Olmedo,Femenino,1993-06-29
2425,Lucila,Gelabert,Femenino,1947-05-20
2426,Visitación,Requena,Otro,1990-09-05
2427,Adalberto,Llobet,Otro,1973-05-25
2428,Cirino,Cabo,Masculino,1998-06-14
2429,Zaida,Serna,Femenino,1945-02-15
2430,Angélica,Lluch,Femenino,1975-04-02
2431,Jafet,Jódar,null,1968-12-02
2432,Casemiro,Arteaga,null,1989-08-15
2433,Alexandra,Villaverde,Masculino,1943-11-09
2434,Javier,Lluch,Otro,1957-06-12
2435,Danilo,Barragán,Femenino,1979-01-26
2436,Ismael,Ángel,null,1993-02-16
2437,Duilio,Iglesia,Otro,2003-05-13
2438,Teresita,Haro,Masculino,1963-08-31
2439,Bernardo,Arroyo,Femenino,1992-04-09
2440,Américo,Miró,null,1987-01-20
2441,Julia,Jara,Otro,1971-08-24
2442,Montserrat,Guillén,null,1997-08-02
2443,Martin,Marqués,null,1961-09-23
2444,Lucho,Fuertes,null,1976-05-09
2445,Dafne,Almansa,Femenino,1994-09-07
2446,Flavio,Larrañaga,null,2006-03-15
2447,Modesta,Moya,Masculino,1988-06-20
2448,Palmira,Girón,null,2006-03-07
2449,Leopoldo,Serra,Femenino,1960-05-07
2450,Azahara,Aller,Femenino,2002-08-01
2451,Reinaldo,Calleja,Masculino,1992-07-19
2452,Jafet,Aliaga,Otro,1996-01-16
2453,Osvaldo,Pagès,null,1970-11-06
2454,Gregorio,Llano,null,1945-05-29
2455,Fermín,Viñas,Otro,1957-05-04
2456,Tecla,Osuna,null,1971-04-19
2457,Esteban,Millán,Masculino,1950-01-16
2458,Ezequiel,López,Otro,1984-06-12
2459,Maura,Bilbao,Femenino,1971-04-17
2460,Florinda,Cornejo,Masculino,1985-01-03
2461,Sandra,Téllez,Femenino,1984-10-29
2462,Celia,Vilaplana,Masculino,1998-10-10
2463,Manuela,Doménech,null,1968-10-23
2464,Augusto,Madrigal,Femenino,1967-12-30
2465,Gerardo,Alegria,null,1995-12-04
2466,Javi,Cuevas,Otro,1997-01-29
2467,Zaira,Saldaña,Femenino,2004-11-27
2468,Ambrosio,Escamilla,Femenino,1979-02-19
2469,Aitor,Tapia,Masculino,2003-10-15
2470,Odalys,Aranda,null,1949-01-14
2471,Judith,Frutos,Masculino,1986-06-29
2472,Cornelio,Llanos,Masculino,1987-06-14
2473,Gerónimo,Amaya,null,1980-03-20
2474,Elena,Ledesma,Otro,1954-05-06
2475,Luis,Mínguez,null,1972-01-19
2476,Amando,Juan,Femenino,1975-04-12
2477,Javi,Cortés,Otro,1985-02-04
2478,Marcelo,Ferreras,Otro,1976-05-18
2479,Valerio,Berenguer,Masculino,1991-12-02
2480,Paola,Quirós,null,1973-06-16
2481,Santos,Arco,null,2000-10-14
2482,Elisabet,Gallart,Femenino,1991-12-28
2483,Áurea,Jove,Masculino,1983-06-26
2484,Angelino,Baños,null,1991-10-22
2485,Oriana,Perales,Masculino,1962-05-04
2486,Nerea,Zabaleta,Otro,1964-08-09
2487,Mateo,Alonso,Otro,1956-04-18
2488,Ibán,Barón,Masculino,2000-05-08
2489,Inés,Salcedo,Otro,1997-11-11
2490,Benita,Revilla,Otro,1972-09-19
2491,Tadeo,Duque,Otro,2005-02-23
2492,Violeta,Batalla,Otro,1996-08-22
2493,Curro,Girona,Otro,1962-09-16
2494,Clarisa,Múgica,Masculino,1961-06-06
2495,Raimundo,Niño,Otro,1974-02-11
2496,Paula,Sancho,Masculino,1991-05-07
2497,Hermenegildo,Díaz,Masculino,1990-07-14
2498,Natalia,Quero,Femenino,1962-03-11
2499,Dani,Larrea,Masculino,2004-10-31
2500,Rosario,Luna,Otro,1970-11-13
